Perm,CUSIP,SIC,ISSUER_NAME,SHARES,PRICE,OFFER_SIZE,ISSUE_DATE,ANNOUNCEMENT_DATE,PERIOD
76129,88553510,3576,3COM CORP,1200000,23.5,28.2,1987-03-13,1987-03-06,7.0
65832,00162910,2834,A L LABORATORIES INC,1350000,12.0,16.2,1988-06-30,1988-05-17,44.0
71239,00206210,3661,A.T.&E. CORP,1000000,9.0,9.0,1985-02-21,,
54594,00036110,3662,AAR CORP,2000000,18.375,36.75,1984-02-02,1984-01-30,3.0
54594,00036110,3662,AAR CORP,1350000,21.25,28.688,1986-08-04,1986-07-22,13.0
20482,00282410,2834,ABBOTT LABORATORIES,2000000,46.625,93.25,1976-08-04,,
10605,00429910,6311,ACCELERATION CORP,1500000,8.25,12.375,1983-06-28,1983-05-16,43.0
10057,00462610,3541,ACME-CLEVELAND CORP,1500000,26.25,39.375,1984-01-18,1984-01-04,14.0
10752,00531310,3844,ADAC LABS,600000,12.0,7.2,1980-12-19,1980-11-21,28.0
10752,00531310,3844,ADAC LABS,500000,16.5,8.25,1981-12-17,1981-11-25,22.0
10752,00531310,3844,ADAC LABS,1000000,18.125,18.125,1982-11-23,1982-11-02,21.0
85113,00687410,7363,ADIA SERVICES INC,750000,22.25,16.688,1987-06-17,1987-05-05,43.0
85113,00687410,7363,ADIA SERVICES INC,1000000,28.25,28.25,1988-07-08,1988-06-24,14.0
61241,00790310,3573,ADVANCED MICRO DEVICES,1000000,23.625,23.625,1982-08-05,1982-07-30,6.0
65840,00754710,7814,ADVANCED SYSTEMS INC,600000,22.0,13.2,1983-03-29,1983-03-10,19.0
11173,00818210,6022,AFFILIATED BKSHARES COLO,350000,24.0,8.4,1978-10-19,,
11575,00105720,7370,AFN INC,3200000,0.625,2.0,1989-02-10,1988-12-16,56.0
11192,00848810,2834,AGOURON PHARMACEUTICALS,1500000,11.0,16.5,1989-10-11,1989-08-21,51.0
11317,00911410,4512,AIR FLORIDA SYSTEMS INC,3000000,13.5,40.5,1981-05-08,,
11376,00923610,4512,AIR WISCONSIN INC,800000,10.0,8.0,1980-06-03,1980-05-02,32.0
11376,00923610,4512,AIR WISCONSIN INC,1200000,11.375,13.65,1982-11-09,1982-10-29,11.0
51721,00926610,4712,AIRBORNE FREIGHT CORP,900000,20.125,18.112,1983-04-15,1983-03-31,15.0
51721,00926610,4712,AIRBORNE FREIGHT CORP,1000000,31.0,31.0,1987-06-05,1987-05-19,17.0
28804,01165910,4511,ALASKA AIR GROUP INC,1800000,25.875,46.575,1987-03-10,1987-03-05,5.0
49584,01204110,2251,"ALBA-WALDENSIAN, INC",350000,16.625,5.819,1983-05-03,1983-04-20,13.0
50032,01310410,5411,ALBERTSON'S INC,750000,23.0,17.25,1976-01-20,,
50032,01310410,5411,ALBERTSON'S INC,1250000,44.25,55.313,1982-10-21,1982-10-15,6.0
24264,01371610,3361,ALCAN ALUMINUM LTD,5000000,26.75,133.75,1976-06-22,,
34498,01538510,6711,ALFA CORP,1800000,11.75,21.125,1988-04-19,,
11827,01663410,7000,ALL SEASONS RESORTS INC,900000,8.75,7.875,1984-11-21,1984-10-15,37.0
10145,01951210,1311,ALLIED CORP,4000000,56.125,224.5,1980-02-21,1980-02-04,17.0
17304,01951910,5311,ALLIED STORES CORP,1000000,50.75,50.75,1976-05-04,,
63423,01955550,4811,ALLIED TELEPHONE CO,275000,16.375,4.503,1978-06-06,,
63423,01955550,4811,ALLIED TELEPHONE CO,325000,18.625,6.053,1981-06-17,1981-05-28,20.0
41443,02003910,6711,ALLTEL CORP,1000000,27.0,27.0,1985-06-25,1985-06-10,15.0
45911,02075310,3674,ALPHA INDUSTRIES,500000,28.25,14.125,1981-12-10,1981-12-02,8.0
12117,02090310,3571,ALPHA MICROSYSTEMS,475000,16.25,7.719,1983-09-29,1983-07-25,66.0
64856,02261510,7391,ALZA CORP,3000000,31.0,93.0,1985-12-13,1985-11-25,18.0
18980,00172320,5081,AM INTL INC,10000000,6.625,66.25,1986-07-24,1986-06-26,28.0
12240,02300610,1311,"AMAREX, INC",1100000,31.0,34.1,1981-03-30,1981-02-12,46.0
10161,02312710,1011,AMAX INC,1000000,11.375,11.375,1985-11-14,1985-10-04,41.0
10161,02312710,1011,AMAX INC,1000000,12.625,12.625,1985-12-18,1985-12-16,2.0
10161,02312710,1011,AMAX INC,4500000,12.5,56.25,1986-02-06,1986-01-28,9.0
60046,02390510,3573,AMDAHL CORP,1350000,28.375,38.306,1980-09-04,1980-08-21,14.0
60046,02390510,3573,AMDAHL CORP,1350000,26.5,35.775,1983-07-12,1983-06-17,25.0
60046,02390510,3573,AMDAHL CORP,1400000,41.125,57.575,1987-05-08,1987-04-30,8.0
71298,02451E10,1041,AMER BARRICK RESOURCES,1500000,37.0,55.5,1987-06-02,1987-06-01,1.0
24264,01371610,3361,AMER CAN CO,2000000,46.5,93.0,1984-08-10,1984-08-08,2.0
12619,02504310,4213,AMER CARRIERS INC,1450000,14.0,20.3,1986-05-22,1986-05-02,20.0
23341,02532110,2833,AMER CYANAMID CO,1250000,49.5,61.875,1989-10-25,1989-10-13,12.0
12811,02576210,1311,AMER EXPLORATION CO,5000000,4.0,20.0,1989-12-08,1989-10-23,46.0
13128,02663220,7389,AMER HOME SHIELD CORP,1750000,7.5,13.125,1987-05-13,1987-04-16,27.0
66800,02687410,6711,AMER INTL GROUP INC,2500000,108.0,270.0,1986-01-22,1986-01-17,5.0
13291,23574610,3677,AMER MAGNETICS CORP,1000000,15.25,15.25,1983-06-29,1983-06-14,15.0
13304,02735210,7370,AMER MANAGEMENT SYSTEMS,150000,37.5,5.625,1980-09-11,1980-08-26,16.0
46754,02742910,8062,AMER MEDICAL INTERNATL,1500000,37.0,55.5,1981-03-12,,
13363,02743810,8051,AMER MEDICAL SVCS INC,900000,15.25,13.725,1985-05-07,1985-04-23,14.0
10321,02762710,3711,AMER MOTORS,10000000,5.875,58.75,1983-04-12,1983-03-23,20.0
10321,02762710,3711,AMER MOTORS,12000000,5.375,64.5,1984-03-28,1984-02-24,33.0
65111,02910310,6711,AMER PRESIDENT COS LTD,2000000,33.0,66.0,1984-11-01,1984-10-15,17.0
58560,02942910,3811,AMER SCIENCE & ENGINEERG,375000,13.75,5.156,1976-07-21,,
42905,03008710,3842,AMER STERILIZER CO,1200000,21.5,25.8,1983-06-14,1983-05-17,28.0
12424,02365010,4512,AMERICA WEST AIRLINES,1000000,9.5,9.5,1984-03-22,1984-02-02,49.0
12424,02365010,4512,AMERICA WEST AIRLINES,3400000,7.0,23.8,1985-04-11,1985-03-01,41.0
44548,03078920,5311,AMES DEPARTMENT STORES,750000,21.5,16.125,1982-03-31,1982-03-24,7.0
44548,03078920,5311,AMES DEPARTMENT STORES,2700000,47.0,126.9,1985-06-18,1985-06-04,14.0
64709,03114510,3143,AMFESCO INDUSTRIES INC,425000,11.375,4.834,1984-12-19,1984-09-14,96.0
14008,03116210,2836,AMGEN,2300000,15.0,34.5,1986-03-18,1986-02-03,43.0
14008,03116210,2836,AMGEN,1000000,34.0,34.0,1987-04-15,1987-03-05,41.0
18075,03203710,3316,AMPCO-PITTSBURGH CORP,1200000,16.5,19.8,1983-12-06,1983-08-09,119.0
18075,03203710,3316,AMPCO-PITTSBURGH CORP,3000000,21.5,64.5,1984-07-19,1984-07-05,14.0
21020,00176510,4511,AMR CORP,5000000,40.125,200.625,1985-04-24,1985-04-18,6.0
64151,03237510,7379,ANACOMP INC,700000,17.75,12.425,1979-12-11,1979-11-13,28.0
60871,03265410,3612,ANALOG DEVICES INC,1000000,35.625,35.625,1983-06-28,1983-06-15,13.0
14198,03265720,3825,ANALOGIC CORP,650000,28.5,18.525,1980-11-25,1980-11-07,18.0
14198,03265720,3825,ANALOGIC CORP,650000,42.5,27.625,1983-01-11,1983-01-05,6.0
14219,03268110,7371,ANALYSTS INTERNATL CORP,300000,8.875,2.663,1981-01-28,,
14219,03268110,7371,ANALYSTS INTERNATL CORP,350000,10.75,3.763,1983-12-06,1983-07-12,147.0
14227,03274410,3812,ANAREN MICROWAVE INC,750000,10.5,7.875,1983-09-20,1983-08-23,28.0
63861,03384910,3494,ANDERSON GREENWOOD & CO,600000,13.5,8.1,1981-03-26,1981-01-16,69.0
14331,03452810,3829,ANDROS ANALYZERS INC,575000,7.5,4.313,1983-08-25,1983-06-07,79.0
14331,03452810,3829,ANDROS ANALYZERS INC,750000,12.75,9.563,1987-10-09,1987-09-03,36.0
64397,03673210,5065,ANTHEM ELECTRONICS INC,700000,22.5,15.75,1983-08-16,1983-07-29,18.0
64397,03673210,5065,ANTHEM ELECTRONICS INC,1600000,13.0,20.8,1987-09-23,1987-09-02,21.0
14614,03790410,3571,APOLLO COMPUTER INC,3000000,22.125,66.375,1984-10-11,1984-09-07,34.0
48813,03815910,7391,APPLIED DATA RESEARCH,425000,17.875,7.597,1981-08-21,1981-08-04,17.0
52804,03821310,3679,APPLIED MAGNETICS CORP,850000,38.5,32.725,1987-05-06,1987-04-30,6.0
14702,03822210,3674,APPLIED MATERIALS INC,560000,30.25,16.94,1983-04-08,1983-03-29,10.0
14702,03822210,3559,APPLIED MATERIALS INC,1250000,28.5,35.625,1987-09-24,1987-08-24,31.0
10516,03948310,2045,ARCHER DANIELS MIDLAND,2000000,30.5,61.0,1975-09-17,1975-08-21,27.0
10516,03948310,2045,ARCHER-DANIELS-MIDLAND,4000000,36.5,146.0,1980-01-31,1980-01-25,6.0
10516,03948310,2045,ARCHER-DANIELS-MIDLAND,3500000,34.0,119.0,1980-12-11,1980-12-01,10.0
10516,03948310,2045,ARCHER-DANIELS-MIDLAND,6000000,22.125,132.75,1983-01-28,1983-01-26,2.0
14833,03957510,3572,ARCHIVE CORP,2000000,12.0,24.0,1987-08-27,1987-08-14,13.0
14892,04015010,1311,ARGONAUT ENERGY CORP,1000000,6.875,6.875,1979-09-25,1979-07-25,62.0
29209,04273510,5065,ARROW ELECTRONICS INC,1300000,22.25,28.925,1983-04-04,1983-03-09,26.0
10364,04341310,3356,ASARCO INC,750000,35.125,26.344,1983-02-18,1983-02-15,3.0
10364,04341310,3356,ASARCO INC,3000000,22.875,68.625,1985-02-28,1985-02-12,16.0
10364,04341310,3356,ASARCO INC,3500000,22.5,78.75,1987-04-01,1987-02-13,47.0
15246,04508010,7372,ASHTON-TATE,1300000,21.375,27.788,1986-04-08,1986-03-11,28.0
29276,04635710,5065,ASTREX INC,400000,21.75,8.7,1980-10-16,1980-09-09,37.0
15449,04639010,3661,ASTROCOM CORP,500000,2.75,1.375,1979-11-20,1979-10-11,40.0
15473,04680810,3640,ATCOR INC,750000,25.25,18.938,1986-03-14,1986-03-05,9.0
15625,04853510,6189,ATLANTIC FINL FEDERAL,650000,17.625,11.456,1986-02-25,1986-02-18,7.0
15676,04881610,3760,ATLANTIC RESEARCH CORP,450000,23.25,10.463,1982-08-24,1982-07-26,29.0
10385,00208L10,5500,ATN INC,1500000,7.75,11.625,1987-04-21,1987-02-25,55.0
10281,05277710,4899,AUTOINFO INC,1150000,7.75,8.913,1987-08-07,1987-07-01,37.0
44644,05301510,7374,AUTOMATIC DATA PROCESSG,2000000,29.125,58.25,1981-05-19,1981-04-29,20.0
15820,05275410,3573,AUTOTROL TECH CORP,650000,17.0,11.05,1983-10-26,,
15991,14452510,5122,AVACARE INC,600000,8.325,4.995,1984-10-12,1984-09-20,22.0
16011,05349210,3674,AVANTEK INC,400000,22.25,8.9,1980-03-20,1980-02-14,35.0
16011,05349210,3674,AVANTEK INC,1200000,18.0,21.6,1981-11-17,1981-10-28,20.0
16003,05348810,7373,AVANT-GARDE COMPUTING,500000,15.5,7.75,1984-03-21,1984-01-27,54.0
18606,05350110,3764,AVCO CORP,3000000,29.0,87.0,1984-08-02,1984-07-20,13.0
56899,00244010,3675,AVX CORP,400000,33.25,13.3,1978-08-15,,
56899,00244010,3675,AVX CORP,900000,24.375,21.938,1980-03-20,1980-02-28,21.0
56899,00244010,3675,AVX CORP,1000000,26.5,26.5,1983-02-24,1983-02-14,10.0
56899,00244010,3675,AVX CORP,1250000,12.75,15.938,1985-06-20,1985-06-12,8.0
56899,00244010,3675,AVX CORP,2000000,14.375,28.75,1986-04-29,1986-03-24,36.0
16361,05706810,3826,BAIRD CORP,600000,14.0,8.4,1980-11-26,1980-10-20,37.0
28134,05726410,3533,BAKER INTERNATL CORP,1800000,34.25,61.65,1979-02-21,,
47423,06879810,3142,BARRY R G CORP,250000,15.25,3.813,1978-12-19,,
17196,07272310,6022,BAYBANKS INC,700000,69.5,48.65,1986-02-21,1986-02-11,10.0
16169,05527510,7311,BBDO INTERNATIONAL INC,600000,40.0,24.0,1983-11-23,1983-11-07,16.0
17953,07407710,6711,BEATRICE COS INC,13000000,31.25,406.25,1985-07-10,1985-06-21,19.0
25697,07581510,3841,BECKMAN INSTRUMENTS INC,2000000,27.0,54.0,1979-10-04,1979-09-21,13.0
39642,07588710,3841,BECTON DICKINSON & CO,1500000,35.5,53.25,1975-05-28,1975-04-17,41.0
64522,53219710,5812,BEEFSTEAK CHARLIE'S INC,700000,7.5,5.25,1983-04-21,1983-04-12,9.0
17444,07734710,3679,BEL FUSE INC,530000,13.75,7.288,1987-09-15,1987-08-25,21.0
63917,08577610,6711,BERRY INDUSTRIES CORP,625000,10.0,6.25,1980-12-16,1980-09-19,88.0
85914,08651610,5732,BEST BUY CO INC,1250000,26.25,32.813,1986-05-29,1986-04-03,56.0
58018,08655110,5311,BEST PRODUCTS CO INC,825000,26.5,21.862,1979-09-18,1979-08-30,19.0
10786,08750910,3312,BETHLEHEM STEEL CORP,5000000,16.5,82.5,1985-05-09,,
10786,08750910,3312,BETHLEHEM STEEL CORP,12000000,16.375,196.5,1987-10-16,1987-09-15,31.0
10786,08750910,3312,BETHLEHEM STEEL CORP,10000000,19.0,190.0,1988-05-05,1988-04-19,16.0
47992,08785110,8051,BEVERLY ENTERPRISES,1000000,9.875,9.875,1980-05-21,1980-03-18,64.0
47992,08785110,8051,BEVERLY ENTERPRISES,1500000,24.375,36.563,1981-06-01,1981-05-19,13.0
47992,08785110,8051,BEVERLY ENTERPRISES,1200000,36.5,43.8,1982-11-10,1982-10-25,16.0
47992,08785110,8051,BEVERLY ENTERPRISES,2000000,39.5,79.0,1983-06-21,1983-06-15,6.0
47992,08785110,8051,BEVERLY ENTERPRISES,3000000,34.75,104.25,1985-12-19,1985-12-17,2.0
68312,63862010,6798,BEVERLY INVEST PPTS,2000000,25.25,50.5,1986-08-21,1986-08-11,10.0
17903,08889110,5912,BIG B INC,800000,9.0,7.2,1981-10-20,1981-09-22,28.0
17911,69553710,5812,BIG BITE INC,600000,13.5,8.1,1983-02-08,1982-12-21,49.0
44409,08967110,2813,BIG THREE INDUSTRIES,900000,53.0,47.7,1975-08-14,,
44409,08967110,2813,BIG THREE INDUSTRIES,800000,72.25,57.8,1976-03-29,,
18060,09058510,3845,BIOCHEM INTL INC,400000,11.0,4.4,1981-03-05,1981-02-09,24.0
18092,09061310,3842,BIOMET INC,1500000,15.25,22.875,1986-07-30,1986-06-26,34.0
61508,09057210,2821,BIO-RAD LABORATORIES INC,400000,19.0,7.6,1986-08-21,1986-07-07,45.0
18121,09066010,3841,BIOSEARCH MEDICAL PRODS,1000000,2.25,2.25,1986-09-24,1986-07-09,77.0
18332,09173010,6331,BITCO CORP,500000,20.0,10.0,1983-06-30,,
20220,09179710,3546,BLACK & DECKER CORP,4500000,19.625,88.313,1983-08-02,1983-07-26,7.0
27087,09367610,5731,BLOCKBUSTER ENTERTAIN,360000,13.0,4.68,1986-09-11,1986-07-11,62.0
18570,09676110,5812,BOB EVANS FARMS INC,600000,26.0,15.6,1983-01-20,1983-01-06,14.0
18650,09769810,3533,BOLT TECHNOLOGY CORP,940000,15.0,14.1,1983-08-18,1983-07-01,48.0
66130,10218310,2611,BOWATER INC,2500000,35.25,88.125,1987-01-16,,
19589,11688110,5411,BRUNO'S INC,3400000,13.875,47.175,1985-06-11,1985-05-20,22.0
55597,11742110,3339,BRUSH WELLMAN INC,600000,41.625,24.975,1983-02-23,1983-01-25,29.0
65496,05560710,3679,BUCKBEE-MEARS CO,1000000,15.5,15.5,1982-10-28,1982-10-05,23.0
16651,07587310,3531,BUCYRUS-ERIE CO,1200000,37.0,44.4,1975-04-16,1975-03-21,26.0
75040,12232C10,6552,BURNHAM PACIFIC PPTS,1500000,18.25,27.375,1988-06-24,1988-05-25,30.0
19933,42032310,2731,BURTON-HAWKS INC,1300000,5.125,6.663,1981-03-10,1981-02-12,26.0
30031,12364510,4712,BUTLER INTERNATL INC,900000,19.5,17.55,1983-04-27,1983-04-22,5.0
49402,12769510,7011,CAESARS WORLD INC,500000,34.0,17.0,1979-01-16,,
49402,12769510,7011,CAESARS WORLD INC,3500000,10.875,38.063,1983-11-01,1983-09-27,35.0
64020,54928210,5812,CAFETERIAS INC,300000,22.5,6.75,1978-07-13,,
20678,80890510,8071,CALIFORNIA BIOTECHNOLOGY,2750000,18.0,49.5,1986-03-26,1986-02-07,47.0
20723,13044210,3663,CALIFORNIA MICROWAVE INC,400000,20.25,8.1,1981-01-19,,
20774,13123810,1311,CALLON PETROLEUM CO,900000,9.75,8.775,1983-10-04,1983-08-17,48.0
64880,13135210,1629,CALPROP CORP,750000,12.0,9.0,1986-07-10,1986-06-06,34.0
20918,13215810,2835,CAMBRIDGE BIOSCIENCE,1500000,12.0,18.0,1986-04-11,1986-03-24,18.0
61954,13342910,3462,CAMERON IRON WORKS INC,1350000,39.5,53.325,1980-07-08,1980-06-20,18.0
47220,14173410,3144,CARESSA INC,1100000,21.5,23.65,1983-05-05,1983-04-13,22.0
52003,14574410,5812,CARROLS CORP,1500000,9.75,14.625,1984-01-20,1983-10-04,108.0
60062,14601510,5311,CARSON PIRIE SCOTT & CO,500000,19.125,9.563,1981-06-26,1981-05-29,28.0
60062,14601510,5311,CARSON PIRIE SCOTT & CO,700000,40.0,28.0,1983-09-22,1983-06-06,108.0
40352,14622710,5311,CARTER HAWLEY HALE STRS,2250000,21.5,48.375,1983-06-01,1983-05-20,12.0
40352,14622710,5311,CARTER HAWLEY HALE STRS,3000000,8.125,24.375,1989-12-07,1989-10-23,45.0
75215,14754D10,5932,CASH AMERICA INVESTMENTS,1500000,16.0,24.0,1988-06-22,1988-05-11,42.0
59686,12480010,6711,CBI INDUSTRIES INC,3250000,25.5,82.875,1984-10-05,1984-09-19,16.0
20730,12484510,4832,CBS INC,1500000,58.5,87.75,1982-12-21,1982-12-14,7.0
22438,12487810,6411,CCC INFORMATION SVCS INC,1500000,10.0,15.0,1987-05-27,1987-04-30,27.0
20096,12489810,6711,CCNB CORP,350000,17.5,6.125,1986-11-18,1986-10-21,28.0
20096,12489810,6711,CCNB CORP,550000,18.0,9.9,1988-09-21,1988-08-30,22.0
20125,12501010,3663,C-COR ELECTRONICS INC,450000,33.75,15.188,1982-11-18,1982-11-04,14.0
45655,12507110,3269,CDI CORP,250000,25.375,6.344,1988-09-15,1988-08-12,34.0
21873,15103310,6411,CELINA FINANCIAL CORP,500000,11.0,5.5,1978-10-04,,
10528,15090910,4812,CELLULAR COMMUNICATIONS,2250000,35.75,80.438,1989-05-08,1989-04-03,35.0
10439,15116310,4812,CELLULAR INC,1000000,9.5,9.5,1988-06-24,1988-05-26,29.0
53831,15231210,1531,CENTEX CORP,1500000,43.0,64.5,1980-12-04,1980-11-26,8.0
22016,15234210,2835,CENTOCOR INC,1000000,22.5,22.5,1985-12-13,1985-12-10,3.0
22016,15234210,2835,CENTOCOR INC,1000000,36.0,36.0,1986-04-24,1986-04-21,3.0
11716,15236210,6022,CENTRAL & SOUTHERN HLDG,500000,8.5,4.25,1989-04-13,1989-02-13,59.0
86482,15358510,6035,CENTRAL HOLDING CO,1000000,7.5,7.5,1987-04-15,1986-12-05,131.0
22155,15475810,6712,CENTRAL PACIFIC CORP,500000,22.75,11.375,1981-10-06,1981-09-16,20.0
60599,15668610,4811,CENTURY TELEPHONE ENT,950000,9.0,8.55,1980-08-20,1980-08-06,14.0
60599,15668610,4811,CENTURY TELEPHONE ENT,2000000,7.5,15.0,1982-05-20,1982-05-11,9.0
21397,15852510,2435,CHAMPION INTERNATL CORP,4000000,23.625,94.5,1976-05-11,,
61727,15862710,2253,CHAMPION PRODUCTS INC,350000,21.875,7.656,1980-11-06,1980-09-23,44.0
22729,15986110,200,CHARLES RIVER BREEDING,300000,33.75,10.125,1980-12-10,1980-10-31,40.0
22860,16190110,5812,CHART HOUSE INC,1300000,23.0,29.9,1982-10-28,1982-10-21,7.0
52652,16124110,8062,CHARTER MEDICAL CORP,750000,27.125,20.344,1982-05-20,1982-05-07,13.0
22825,13809810,5086,CHARVOZ-CARSEN CORP,550000,7.125,3.919,1984-03-20,1984-01-19,61.0
22913,16278010,3555,CHECK TECHNOLOGY CORP,500000,10.75,5.375,1983-05-26,1983-04-04,52.0
22921,16282510,3669,CHECKPOINT SYSTEMS INC,500000,8.75,4.375,1981-02-03,,
64194,16359610,2841,CHEMED CORP,4500000,19.25,86.625,1982-03-04,1982-02-11,21.0
28505,16533910,2834,CHESEBROUGH-POND'S INC,5000000,40.5,202.5,1986-02-25,1986-02-19,6.0
63108,12613710,4011,CHICAGO & N WESTN TRANS,2000000,38.875,77.75,1983-09-09,1983-08-15,25.0
58384,16866410,1382,CHIEFTAIN DEVELOPMENT,600000,26.375,15.825,1979-09-18,1979-08-15,34.0
23289,16876310,8300,CHILDRENS WORLD INC,450000,6.25,2.813,1980-11-20,1980-09-25,56.0
23318,17004010,2835,CHIRON CORP,1750000,13.75,24.063,1986-02-18,1986-01-14,35.0
23318,17004010,2835,CHIRON CORP,1900000,20.0,38.0,1989-06-15,1989-05-03,43.0
23326,17022810,6711,CHITTENDEN CORP,250000,14.0,3.5,1979-09-20,1979-08-09,42.0
23326,17022810,6711,CHITTENDEN CORP,525000,38.0,19.95,1986-03-07,1986-01-31,35.0
23334,17039410,3060,CHOMERICS INC,250000,27.5,6.875,1979-09-27,1979-09-07,20.0
59192,17123210,6711,CHUBB CORP,2000000,43.625,87.25,1984-08-14,1984-08-08,6.0
64186,12550910,6711,CIGNA CORP,5000000,62.0,310.0,1986-05-21,1986-04-18,33.0
23529,17252810,3572,CIPHER DATA PRODUCTS INC,1000000,42.75,42.75,1983-05-24,1983-05-12,12.0
23553,17257210,6723,CIRCLE INCOME SHARES,900000,14.875,13.388,1975-11-20,,
18446,18139610,3537,CLARK EQUIPMENT CO,1650000,29.75,49.088,1983-02-15,1983-02-09,6.0
27422,18589610,1011,CLEVELAND-CLIFFS INC,4000000,17.0,68.0,1987-09-23,1987-08-03,51.0
10455,12589740,3572,CMS ENHANCEMENTS INC,1500000,3.5,5.25,1988-10-20,1988-09-18,32.0
56741,18987310,3792,COACHMEN INDUSTRIES INC,500000,30.25,15.125,1983-03-01,1983-02-17,12.0
24302,19089310,3841,COBE LABORATORIES INC,375000,24.75,9.281,1978-05-18,,
24417,19190010,3576,CODENOLL TECHNOLGY CORP,550000,13.0,7.15,1983-01-19,1982-12-06,44.0
24441,19210810,1041,COEUR D'ALENE MINES CORP,1000000,19.5,19.5,1983-08-02,,
24441,19210810,1041,COEUR D'ALENE MINES CORP,1100000,17.5,19.25,1986-12-03,1986-11-07,26.0
64901,19243210,3573,COGNITRONICS CORP,500000,13.0,6.5,1983-07-07,,
24476,19247910,3826,COHERENT INC,400000,26.5,10.6,1980-11-19,1980-10-16,34.0
24476,19247910,3826,COHERENT INC,500000,34.0,17.0,1983-03-29,1983-03-15,14.0
43000,19328810,5999,COLE NATIONAL CORP,375000,28.875,10.828,1982-05-10,1982-05-04,6.0
43000,19328810,5999,COLE NATIONAL CORP,375000,39.625,14.859,1982-11-09,1982-11-04,5.0
24548,19419210,7391,COLLABORATIVE RESEARCH,1600000,10.5,16.8,1983-05-12,1983-04-08,34.0
86765,12639V10,7819,COLOR SYSTEMS TECHNOLOGY,700000,26.0,18.2,1986-08-13,1986-06-10,64.0
24716,19626710,5211,COLOR TILE INC,1000000,17.5,17.5,1980-03-25,1980-02-19,35.0
18999,20027310,3499,COMBUSTION ENGINEERING,3500000,33.75,118.125,1987-04-08,1987-03-25,14.0
25022,20030010,4841,COMCAST CORP,450000,29.25,13.163,1980-10-08,1980-09-17,21.0
25073,20033210,3661,COMDIAL CORP,700000,2.75,1.925,1980-06-10,1980-03-26,76.0
25073,20033210,3661,COMDIAL CORP,1800000,20.875,37.575,1983-01-25,1982-12-15,41.0
86861,20164710,6711,COMMERCIAL FEDERAL CORP,1150000,13.5,15.525,1985-11-06,1985-09-17,50.0
41064,20341710,4899,COMMUNICATIONS SATELLITE,1000000,77.5,77.5,1982-12-22,1982-12-03,19.0
53401,20401510,8063,COMMUNITY PSYCHIATIC CNT,900000,29.875,26.888,1983-04-06,1983-04-04,2.0
25508,03445410,7395,COMPACT VIDEO SYSTEMS,600000,15.375,9.225,1980-07-01,1980-05-28,34.0
25583,20462010,8062,COMPREHENSIVE CARE CORP,1400000,15.5,21.7,1981-08-12,1981-07-23,20.0
25583,20462010,8062,COMPREHENSIVE CARE CORP,1300000,28.0,36.4,1983-04-21,1983-04-06,15.0
25604,20467210,3663,COMPRESSION LABS INC,900000,11.0,9.9,1986-07-30,1986-07-10,20.0
53508,20490010,3555,COMPUGRAPHIC CORP,300000,29.75,8.925,1976-04-21,,
25698,29265K10,3577,COMPUSCAN INC,2000000,2.875,5.75,1982-07-23,1982-05-27,57.0
25727,86792710,3679,COMPUTER & COMMUN TECHL,700000,44.0,30.8,1981-04-23,,
25850,20504210,5045,COMPUTER DEVICES INC,1000000,11.25,11.25,1983-07-08,1983-05-20,49.0
25989,20417110,3576,COMPUTER NETWORK CORP,360000,8.375,3.015,1978-03-15,,
26009,20530010,3679,COMPUTER PRODUCTS INC,450000,8.25,3.713,1980-06-19,1980-05-29,21.0
26084,20547710,7372,COMPUTER TASK GROUP,1000000,17.75,17.75,1985-07-25,1985-07-11,14.0
60900,20557810,3573,COMPUTERVISION CORP,900000,44.125,39.713,1980-08-14,1980-08-05,9.0
26199,20564410,7372,COMSERV CORP,400000,7.5,3.0,1980-07-16,1980-05-23,54.0
26199,20564410,7372,COMSERV CORP,400000,17.5,7.0,1981-04-23,1981-02-23,59.0
26279,20591210,7372,COMSHARE INC,600000,16.625,9.975,1980-12-03,1980-11-13,20.0
26201,20582620,3663,COMTECH TELECOMMUN CORP,750000,8.5,6.375,1983-08-09,1983-07-14,26.0
10942,20586210,3661,COMVERSE TECHNOLOGY INC,17000000,0.085,1.445,1988-12-21,1988-11-03,48.0
10937,20651H10,8200,CONCORDE CAREER COLLEGES,435000,4.5,1.957,1989-08-08,,
26404,20731210,6711,CONIFER/ESSEX GROUP INC,400000,30.0,12.0,1983-08-24,1983-07-19,36.0
30779,20829110,3811,CONRAC CORP,650000,35.375,22.994,1983-02-25,1983-02-16,9.0
55722,20837410,3273,CONROCK CO,750000,26.625,19.969,1983-07-20,1983-04-07,104.0
86976,20846410,3443,CONSECO INC,2000000,14.875,29.75,1987-05-21,1987-04-09,42.0
31341,21036R10,3079,CONSTAR INTL INC,750000,31.0,23.25,1989-10-06,1989-09-27,9.0
26658,21044510,5812,CONSUL CORP,700000,7.25,5.075,1981-11-10,1981-09-22,49.0
67192,21149610,7379,CONTINENTAL INFO SYS,600000,10.25,6.15,1982-12-21,1982-11-24,27.0
11471,20825110,1311,CONTINENTAL OIL CO,4500000,34.375,154.688,1976-05-24,,
39335,21090210,4811,CONTINENTAL TELECOM INC,2000000,18.75,37.5,1981-06-17,,
26914,21216120,2431,CONTINENTAL WESTERN INDS,360000,8.0,2.88,1977-06-01,,
38914,15677T10,3573,CONTROL DATA CORP,1500000,75.5,113.25,1980-09-23,1980-09-12,11.0
27430,21683110,3011,COOPER TIRE & RUBBER CO,700000,34.5,24.15,1982-12-08,1982-11-19,19.0
27239,21835610,3679,CORCOM INC,600000,13.75,8.25,1983-09-29,1983-08-24,36.0
27255,21852510,3841,CORDIS CORP,700000,21.25,14.875,1977-10-06,1977-08-27,40.0
45997,21866110,7392,CORDURA CORP,750000,20.625,15.469,1983-07-21,1983-06-29,22.0
40854,22404310,4832,COX BROADCASTING CORP,1200000,34.5,41.4,1981-11-18,1981-11-06,12.0
20459,74156C10,7392,CP REHAB CORP,1200000,18.0,21.6,1983-04-12,,
11628,12590310,6022,CPB INC,733261,20.0,14.665,1989-04-26,1989-02-28,57.0
20320,12616040,7373,CPT CORP,200000,11.5,2.3,1977-12-15,,
20320,12616040,7373,CPT CORP,300000,14.0,4.2,1978-10-26,,
20320,12616040,7373,CPT CORP,500000,17.25,8.625,1979-11-14,1979-10-03,42.0
27562,22410010,5812,CRACKER BARREL OLD CNTRY,400000,22.75,9.1,1983-03-17,1983-02-18,27.0
27562,22410010,5812,CRACKER BARREL OLD CNTRY,750000,17.25,12.938,1984-09-28,1984-08-31,28.0
27562,22410010,5812,CRACKER BARREL OLD CNTRY,1100000,20.5,22.55,1989-02-23,1989-02-16,7.0
62164,22522410,3573,CRAY RESEARCH INC,364000,95.0,34.58,1980-10-16,,
62164,22522410,3573,CRAY RESEARCH INC,750000,38.0,28.5,1982-12-17,1982-12-07,10.0
27706,22660810,7380,CRIME CONTROL INC,1100000,17.25,18.975,1983-07-21,1983-06-16,35.0
58181,12627010,8712,CRSS INC,2200000,17.0,37.4,1989-11-17,1989-11-16,1.0
62148,12640810,6711,CSX CORP,11000000,24.25,266.75,1983-10-28,1983-10-11,17.0
64207,23003210,7372,CULLINANE DATABASE SYS,275000,53.0,14.575,1980-09-25,,
64207,23003210,7372,CULLINANE DATABASE SYS,550000,51.0,28.05,1982-12-02,1982-11-11,21.0
41080,23102110,3519,CUMMINS ENGINE INC,1000000,75.0,75.0,1986-03-12,1986-03-10,2.0
20589,23252510,3317,CYCLOPS CORP,185000,35.25,6.521,1984-04-18,1984-03-15,34.0
42148,43641610,5311,D.H. HOLMES CO LTD,550000,19.0,10.45,1983-10-05,1983-07-29,68.0
28346,23405010,7373,DAISY SYSTEMS CORP,1250000,24.5,30.625,1984-11-19,1984-11-08,11.0
28346,23405010,7373,DAISY SYSTEMS CORP,1200000,34.5,41.4,1985-02-04,1985-01-30,5.0
28434,23571510,2836,DAMON BIOTECH INC,2500000,7.0,17.5,1986-02-11,1985-12-19,54.0
60919,23757010,7379,DATA ACCESS SYSTEMS INC,650000,11.0,7.15,1979-02-14,,
28565,23757710,7379,DATA ARCHITECTS INC,500000,12.75,6.375,1987-06-05,1987-04-09,57.0
28573,23760610,3579,DATA CARD CORP,325000,17.75,5.769,1978-09-27,,
28573,23760610,3579,DATA CARD CORP,578000,20.25,11.705,1985-06-07,1985-05-31,7.0
28600,23765410,7377,DATA DIMENSIONS INC,250000,5.0,1.25,1979-01-23,,
57592,23768810,3573,DATA GENERAL CORP,1000000,30.75,30.75,1975-06-10,,
28629,23769010,3825,DATA I/O CORP,1400000,16.5,23.1,1983-09-16,,
10969,23790310,3829,DATA MEASUREMENT CORP,300000,12.625,3.788,1987-08-05,1987-06-23,43.0
59707,23810020,3573,DATAPOINT CORP,1000000,91.0,91.0,1980-10-23,1980-09-19,34.0
28813,23810210,3679,DATAPOWER INC,500000,8.875,4.438,1983-10-13,1983-07-28,77.0
47116,23810710,3573,DATAPRODUCTS CORP,1000000,33.0,33.0,1981-03-03,1981-02-09,22.0
28979,23828210,6022,DAUPHIN DEPOSIT CORP,750000,21.25,15.938,1985-08-21,1985-08-08,13.0
12320,02339510,3321,DAYTON MALLEABLE INC,1300000,26.25,34.125,1983-04-21,1983-03-28,24.0
19350,24419910,3523,DEERE & CO,4000000,43.0,172.0,1981-01-21,1981-01-02,19.0
29197,24487410,251,DEKALB AGRESEARCH INC,750000,49.75,37.313,1980-12-18,1980-12-02,16.0
42526,24870310,5812,DENNYS INC,1000000,18.0,18.0,1975-12-10,,
42526,24870310,5812,DENNY'S INC,1000000,27.0,27.0,1981-05-06,1981-04-21,15.0
87231,24871640,3843,DENPAC CORP,1500000,1.0,1.5,1989-05-08,,
55589,25056820,3911,DESIGNCRAFT INDUS INC,775000,11.0,8.525,1986-07-31,1986-06-13,48.0
29752,25245010,3842,DIAGNOSTIC PRODUCTS CORP,500000,22.5,11.25,1986-04-24,1986-04-02,22.0
29832,25283630,2835,DIASONICS INC,2925000,3.563,10.42,1987-08-27,1987-07-16,42.0
29947,25357210,3577,DICOMED CORP,375000,12.0,4.5,1981-07-09,1981-05-27,43.0
29947,25357210,3577,DICOMED CORP,750000,11.875,8.906,1983-06-14,1983-05-11,34.0
57883,25380410,1382,DIGICON INC,600000,9.5,5.7,1980-04-17,1980-03-05,43.0
57883,25380410,1382,DIGICON INC,900000,28.5,25.65,1981-06-17,1981-05-19,29.0
30075,25390210,3573,DIGITAL COMMUNICATIONS,1000000,37.5,37.5,1985-12-18,1985-12-11,7.0
43916,25384910,3573,DIGITAL EQUIPMENT CORP,800000,158.0,126.4,1976-02-17,1976-01-28,20.0
43916,25384910,3573,DIGITAL EQUIPMENT CORP,2500000,99.25,248.125,1981-05-14,1981-04-28,16.0
30067,23331110,3573,DIGITAL SWITCH CORP,1000000,39.25,39.25,1982-11-17,1982-10-11,37.0
30059,25387910,3661,DIGITECH INC,700000,6.0,4.2,1986-10-30,1986-09-09,51.0
10070,25389410,3579,DIGITEXT INC,1000000,7.25,7.25,1987-06-22,1987-05-01,52.0
49429,25406310,5311,DILLARD DEPART STORES,1500000,43.5,65.25,1986-03-26,1986-03-20,6.0
28231,23323610,8731,DNA PLANT TECHNOLOGY,1000000,17.25,17.25,1986-03-26,1986-02-27,27.0
30358,25616510,3578,DOCUTEL CORP,600000,31.5,18.9,1981-06-18,1981-04-30,49.0
30577,25856410,3670,DOTRONIX INC,700000,9.625,6.738,1987-08-19,1987-06-04,76.0
61321,25865110,3079,DOUGHERTY BROTHERS CO,300000,9.25,2.775,1981-05-19,1981-03-26,54.0
22648,25612910,2086,DR PEPPER CO,2500000,14.375,35.938,1982-09-01,1982-08-26,6.0
46471,26147110,1629,DRAVO CORP,500000,22.75,11.375,1976-04-13,,
46471,26147110,1629,DRAVO CORP,800000,29.25,23.4,1978-09-13,,
19254,26159710,1031,DRESSER INDUSTRIES INC,2000000,73.75,147.5,1976-02-24,,
30761,26187610,3572,DREXLER TECHNOLOGY CORP,500000,28.5,14.25,1980-12-09,1980-11-14,25.0
28258,23331210,7389,DSI CORP,725000,6.625,4.803,1980-05-22,1980-02-28,84.0
63132,26414710,5051,DUCOMMUN INC,900000,37.125,33.413,1983-04-19,1983-04-05,14.0
10685,26635410,2834,DURAMED PHARMACEUTICALS,2000000,6.75,13.5,1989-08-02,1989-06-26,37.0
30940,26684910,3561,DURIRON CO INC,725000,17.75,12.869,1988-03-22,1988-03-02,20.0
30948,26689010,5122,DURR-FILLAUER MEDICAL,500000,21.5,10.75,1982-10-12,1982-09-21,21.0
31456,26816210,1731,DYNALECTRON CORP,1000000,13.5,13.5,1980-10-07,1980-09-16,21.0
31131,26817910,3572,DYSAN CORP,2200000,18.0,39.6,1981-12-22,1981-11-25,27.0
43342,26915730,3662,E. SYSTEMS INC,650000,30.75,19.987,1980-03-27,1980-02-26,30.0
59336,47835810,3662,E.F. JOHNSON CO,400000,23.75,9.5,1981-08-21,1981-06-24,58.0
42729,26946110,2311,EAGLE CLOTHES INC,1500000,11.0,16.5,1983-10-06,1983-06-24,104.0
21872,26980310,3069,EAGLE-PICHER INDUSTRIES,1000000,39.75,39.75,1986-05-29,1986-04-18,41.0
48741,27030810,2911,EARTH RESOURCES CO,500000,16.5,8.25,1976-11-22,,
20976,27619110,4511,EASTERN AIR LINES INC,11000000,8.0,88.0,1985-06-27,1985-06-07,20.0
26075,27637F10,4449,EASTERN GAS & FUEL ASSOC,1500000,22.25,33.375,1980-03-04,1980-02-19,14.0
31536,27874910,3694,ECHLIN INC,1500000,17.0,25.5,1979-02-14,,
31536,27874910,3694,ECHLIN INC,5500000,17.5,96.25,1986-04-18,1986-04-16,2.0
31536,27874910,3694,ECHLIN INC,6500000,22.625,147.063,1987-02-05,1987-02-02,3.0
65568,27875110,1100,ECHO BAY MINES LTD,2000000,20.875,41.75,1986-11-05,1986-10-24,12.0
65568,27875110,1100,ECHO BAY MINES LTD,1500000,41.125,61.688,1987-05-08,1987-04-24,14.0
65568,27875110,1100,ECHO BAY MINES LTD,1200000,20.5,24.6,1988-06-28,1988-06-15,13.0
70578,27886510,2842,ECONOMICS LABORATORY INC,1000000,27.375,27.375,1975-05-07,,
31552,28134710,3662,EDO CORP,425000,13.5,5.738,1979-11-06,1979-09-25,42.0
31552,28134710,3662,EDO CORP,1000000,33.0,33.0,1983-06-16,1983-06-07,9.0
31182,26852110,3674,E-H INTERNATIONAL INC,292682,5.125,1.5,1981-05-14,1981-03-31,44.0
31721,28256010,3827,EIKONIX CORP,650000,14.0,9.1,1983-08-23,1983-06-22,62.0
31836,28442010,3452,ELCO INDUSTRIES INC,450000,17.0,7.65,1985-04-17,1985-03-26,22.0
31852,28458710,3423,ELDON INDUSTRIES INC,400000,14.0,5.6,1983-10-04,1983-07-14,82.0
31983,28506910,3841,ELECTRO-CATHETER CORP,375000,18.0,6.75,1983-04-13,1983-02-25,47.0
32110,28539710,3679,ELECTROMAGNETIC SCIENCES,300000,20.0,6.0,1982-11-10,1982-10-22,19.0
32030,28519110,3826,ELECTRO-NUCLEONICS INC,600000,14.125,8.475,1980-10-31,1980-09-15,46.0
32030,28519110,3826,ELECTRO-NUCLEONICS INC,500000,17.0,8.5,1983-03-02,1983-02-02,28.0
60927,29030820,7011,ELSINORE CORP,1100000,16.125,17.737,1979-06-13,,
31659,29110110,4583,EMERY AIR FREIGHT CORP,1500000,16.375,24.563,1983-03-18,1983-03-11,7.0
31659,29110110,4583,EMERY AIR FREIGHT CORP,1000000,24.125,24.125,1984-01-13,1984-01-06,7.0
58843,29121010,3429,EMHART CORP,2750000,37.0,101.75,1986-05-01,1986-04-22,9.0
32425,29159310,4512,EMPIRE AIRLINES INC,500000,9.0,4.5,1981-12-09,1981-10-28,42.0
32425,29159310,4512,EMPIRE AIRLINES INC,650000,4.5,2.925,1983-01-18,1982-12-17,32.0
32425,29159310,4512,EMPIRE AIRLINES INC,600000,6.75,4.05,1983-11-15,1983-08-30,77.0
32460,29167710,6331,EMPIRE FIRE & MARINE INS,350000,8.875,3.106,1978-01-17,,
68910,29258610,1311,ENDEVCO INC,1500000,6.625,9.938,1986-04-16,1986-03-13,34.0
26470,29265N10,6711,ENERGEN CORP,750000,18.375,13.781,1987-12-10,1987-03-13,272.0
26470,29265N10,6711,ENERGEN CORP,800000,23.0,18.4,1988-11-22,1988-11-08,14.0
32855,29291010,5900,ENERGY CLINIC CORP,900000,1.5,1.35,1981-03-02,1980-11-19,103.0
62578,29270210,1311,ENERGY MINERALS CORP,1000000,10.5,10.5,1981-02-19,1981-01-21,29.0
32943,29292510,6711,ENERGY NORTH INC,135000,10.25,1.384,1984-01-31,,
32943,29292510,6711,ENERGY NORTH INC,175000,18.75,3.281,1986-02-07,,
32759,29272210,1311,ENERGY SOURCES INC,575000,5.75,3.306,1981-05-05,,
62834,29284510,5052,ENGELHARD CORP,2531500,26.0,65.819,1987-04-15,1987-04-02,13.0
87645,48248410,5722,ENTERTAINMENT MKTING INC,1400000,19.0,26.6,1986-06-20,1986-05-13,38.0
33145,29403710,3089,ENVIRODYNE INDUS INC,1200000,16.0,19.2,1986-06-10,1986-05-14,27.0
10860,29426110,2869,EPITOPE INC,1250000,5.0,6.25,1989-05-05,1989-01-25,100.0
33233,29435310,3812,EPSCO INC,350000,16.0,5.6,1980-11-05,1980-10-02,34.0
52476,29442910,7392,EQUIFAX INC,2000000,26.0,52.0,1988-06-02,1988-04-27,36.0
19713,29647010,6711,ESMARK INC,4500000,68.0,306.0,1983-09-13,1983-08-18,26.0
33612,29909610,3690,EVANS & SUTHERLAND COMPT,300000,33.0,9.9,1980-06-12,1980-05-19,24.0
62180,29976710,3842,EVEREST & JENNINGS INTL,2000000,13.0,26.0,1980-12-11,1980-11-12,29.0
33735,30086910,6711,EXCHANGE INTL CORP,1000000,23.0,23.0,1986-06-25,1986-05-29,27.0
59539,30157410,3711,EXECUTIVE INDUSTRIES INC,300000,20.375,6.113,1976-03-30,,
58851,30303210,3714,FACET ENTERPRISES INC,1750000,18.5,32.375,1987-06-11,1987-05-05,37.0
60628,31330910,4583,FEDERAL EXPRESS CORP,1000000,45.0,45.0,1981-01-21,1981-01-06,15.0
60628,31330910,4583,FEDERAL EXPRESS CORP,1000000,61.5,61.5,1982-10-25,1982-10-20,5.0
60628,31330910,4583,FEDERAL EXPRESS CORP,2000000,45.0,90.0,1983-12-09,1983-12-05,4.0
60628,31330910,4583,FEDERAL EXPRESS CORP,2000000,56.25,112.5,1985-12-12,1985-12-09,3.0
25371,31369310,2631,FEDERAL PAPER BOARD CO,2000000,28.5,57.0,1986-10-16,1986-10-08,8.0
47706,31385510,3993,FEDERAL SIGNAL CORP,800000,25.125,20.1,1981-05-13,1981-04-22,21.0
21135,31540510,2899,FERRO CORP,600000,36.125,21.675,1983-06-29,1983-06-14,15.0
34631,31574310,6022,FIDELCOR INC,1000000,40.0,40.0,1986-03-12,1986-03-07,5.0
42745,31654910,2211,FIELDCREST CANNON INC,1400000,31.75,44.45,1986-10-03,1986-08-22,42.0
45102,31682860,3569,FIGGIE INTL INC,450000,70.0,31.5,1988-06-03,1988-05-26,8.0
35020,31806710,3826,FINNIGAN CORP,500000,25.0,12.5,1988-06-23,1988-06-17,6.0
35175,31890010,6021,FIRST AMERICAN CORP,1300000,31.0,40.3,1986-06-05,1986-05-20,16.0
35423,31990610,6025,FIRST EASTERN CORP,300000,31.5,9.45,1985-02-15,1985-02-05,10.0
35554,32007610,6025,FIRST EMPIRE STATE CORP,2341324,36.0,84.288,1987-12-17,,
35589,32013510,6711,FIRST EXECUTIVE CORP,2500000,21.5,53.75,1983-09-08,1983-08-22,17.0
10696,33773810,7374,FISERV INC,850000,18.0,15.3,1987-05-14,1987-04-16,28.0
36741,33890310,5812,FLAKEY JAKE'S INC,1000000,4.125,4.125,1984-01-31,1983-12-21,41.0
47271,33913010,5141,FLEMING COS INC,1250000,41.375,51.719,1982-12-06,1982-11-29,7.0
47271,33913010,5141,FLEMING COS INC,1600000,29.0,46.4,1984-09-27,1984-09-19,8.0
47271,33913010,5141,FLEMING COS INC,1600000,32.25,51.6,1988-11-29,1988-11-08,21.0
36813,33941710,4522,FLIGHT TRANSPORTATION,650000,9.625,6.256,1982-06-03,1982-05-06,28.0
45241,34583810,2834,FOREST LABORATORIES INC,1800000,27.75,49.95,1987-06-12,1987-05-29,14.0
37234,34609110,1311,FOREST OIL CORP,1500000,13.125,19.688,1989-06-06,1989-05-17,20.0
54754,34746010,2621,FORT HOWARD PAPER CO,3250000,44.625,145.031,1985-11-27,1985-11-15,12.0
88130,34933710,6025,FORT WAYNE NATIONAL CORP,400000,34.75,13.9,1985-12-17,1985-12-10,7.0
37429,35012410,5047,FOSTER MEDICAL CORP,1300000,26.0,33.8,1983-07-27,1983-05-27,61.0
27860,35160410,3823,FOXBORO CO,500000,32.875,16.438,1975-04-24,1975-04-01,23.0
61576,70423310,5031,FRANK PAXTON CO,500000,13.5,6.75,1983-11-22,1983-11-02,20.0
40387,35907610,4511,FRONTIER HOLDINGS INC,1500000,19.0,28.5,1983-07-22,1983-04-29,84.0
37859,23406820,5812,FUDDRUCKERS INC,650000,11.75,7.638,1984-06-21,1984-05-24,28.0
38085,36354410,3827,GALILEO ELECTRO-OPTICS,875000,18.75,16.406,1987-05-20,1987-04-24,26.0
38173,30709110,5812,GARCIA'S OF SCOTTSDALE,1000000,9.5,9.5,1982-06-29,1982-04-19,71.0
22007,36555010,3532,GARDNER DENVER CO,850000,25.375,21.569,1975-05-21,,
12036,36144810,3743,GATX CORP,1100000,32.0,35.2,1983-12-23,1983-12-06,17.0
40192,36155620,3559,GCA CORP,375000,42.875,16.078,1980-03-05,1980-01-09,56.0
41304,36829810,3533,GEARHART INDUSTRIES INC,500000,33.75,16.875,1978-10-17,,
59870,36850110,4722,GELCO CORP,1500000,24.25,36.375,1981-08-21,1981-08-05,16.0
38280,36871020,2834,GENENTECH INC,1000000,45.0,45.0,1985-03-15,1985-02-28,15.0
38317,36903210,3573,GENERAL AUTOMATION INC,1500000,4.5,6.75,1986-08-14,,
62607,36948710,3661,GENERAL DATACOMM INDUS,500000,17.0,8.5,1981-01-28,1981-01-07,21.0
62607,36948710,3661,GENERAL DATACOMM INDUS,1000000,19.0,19.0,1984-10-18,1984-09-27,21.0
19174,37006410,2011,GENERAL HOST CORP,1250000,15.75,19.688,1982-07-09,1982-07-02,7.0
56629,37007310,3469,GENERAL HOUSEWARES CORP,400000,25.5,10.2,1983-05-18,1983-05-05,13.0
23253,37011810,3674,GENERAL INSTRUMENT CORP,750000,88.5,66.375,1980-11-12,1980-10-28,15.0
12079,37044210,3711,GENERAL MOTORS CORP,3000000,63.5,190.5,1985-02-15,1985-02-13,2.0
62252,37056310,6331,GENERAL RE CORP,3000000,82.5,247.5,1985-06-19,1985-06-13,6.0
62252,37056310,6331,GENERAL RE CORP,2500000,114.5,286.25,1986-02-11,1986-02-04,7.0
38632,37185310,8731,GENETIC SYSTEMS CORP,2200000,9.875,21.725,1983-04-07,1983-03-11,27.0
10279,37185510,2836,GENETICS INSTITUTE INC,1500000,34.25,51.375,1987-06-15,1987-04-30,46.0
38659,37190110,3714,GENTEX CORP,1000000,11.625,11.625,1989-08-29,1989-07-20,40.0
10324,37291710,2834,GENZYME CORP,2200000,13.125,28.875,1989-12-12,1989-10-25,48.0
16890,06682110,2750,GEORGE BANTA CO INC,750000,17.0,12.75,1983-04-13,1983-03-24,20.0
27449,37450310,3241,GIANT PORTLAND & MASONRY,600000,9.125,5.475,1984-09-05,1984-08-06,30.0
52759,37514910,3272,GIFFORD-HILL & CO INC,1000000,19.125,19.125,1983-03-29,1983-03-17,12.0
45428,37935240,1381,GLOBAL MARINE INC,700000,21.625,15.138,1979-06-21,,
45428,37935240,1381,GLOBAL MARINE INC,2000000,54.75,109.5,1981-02-17,1981-02-06,11.0
60441,60462E10,7999,GOLDEN NUGGET INC,600000,20.625,12.375,1979-04-24,1979-03-15,40.0
60441,60462E10,7999,GOLDEN NUGGET INC,1250000,28.5,35.625,1980-10-09,1980-09-11,28.0
10704,38115110,2015,GOLDEN POULTRY CO INC,1000000,11.0,11.0,1989-08-01,1989-06-13,49.0
69411,38348510,6711,GOTTSCHALKS INC,1000000,14.75,14.75,1987-06-05,1987-05-15,21.0
22568,38349210,3691,GOULD INC,1000000,26.0,26.0,1976-09-30,,
22568,38349210,3691,GOULD INC,1750000,28.875,50.531,1982-10-21,1982-10-19,2.0
44089,38710010,3662,GRANGER ASSOCIATES,600000,25.75,15.45,1981-12-11,1981-11-02,39.0
44089,38710010,3662,GRANGER ASSOCIATES,675000,36.0,24.3,1983-03-25,1983-02-16,37.0
32379,39056810,2819,GREAT LAKES CHEMICAL,2000000,53.5,107.0,1987-04-23,1987-04-08,15.0
27115,39144210,6123,GREAT WESTERN FINL CORP,4000000,24.5,98.0,1984-10-25,1984-10-22,3.0
48469,48206010,1521,GREATER WASHINGTON INV,1000000,7.0,7.0,1983-10-20,1983-09-19,31.0
67571,39350510,6162,GREEN TREE ACCEPTANCE,1100000,18.0,19.8,1983-08-25,1983-07-21,35.0
10296,39769910,6022,GRENADA SUNBURST SYS,225000,40.0,9.0,1986-08-13,1986-07-15,29.0
32440,39982010,2851,GROW CHEMICAL CORP,500000,10.25,5.125,1977-01-25,,
32440,39982010,2851,GROW GROUP INC,500000,11.125,5.563,1980-06-05,1980-04-30,36.0
40265,40119010,6331,GUARANTY NATIONAL CORP,175000,13.25,2.319,1978-11-17,,
40265,40119010,6331,GUARANTY NATIONAL CORP,2500000,8.125,20.313,1986-05-07,1986-04-07,30.0
40388,40262810,1522,GULF INTERSTATE CO,900000,20.0,18.0,1980-11-25,1980-10-24,32.0
67934,40290010,3829,GULL INC,650000,11.75,7.638,1985-09-26,1985-08-16,41.0
67934,40290010,3829,GULL INC,800000,15.0,12.0,1987-02-11,1987-01-20,22.0
70674,40280610,1796,GUNDLE ENVIRONMENTAL SYS,750000,21.75,16.313,1988-06-21,1988-06-03,18.0
88234,84760E10,3662,GV MEDICAL INC,700000,8.75,6.125,1985-09-11,1985-07-11,62.0
88234,84760E10,3662,GV MEDICAL INC,800000,10.5,8.4,1986-08-13,1986-06-20,54.0
88234,84760E10,3662,GV MEDICAL INC,1000000,11.75,11.75,1989-03-08,1989-01-11,56.0
56266,00867710,6711,H F AHAMANSON & CO,3000000,63.375,190.125,1986-04-10,,
11736,40390210,8082,H.M.S.S. INC,1000000,27.0,27.0,1989-07-20,,
40708,40501810,1311,HADSON CORP,4000000,8.5,34.0,1987-04-03,1987-03-06,28.0
40708,40501810,1311,HADSON OHIO OIL CO,400000,8.25,3.3,1978-12-19,,
40708,40501810,1311,HADSON PETROLEUM CORP,800000,21.25,17.0,1980-08-12,1980-07-18,25.0
24926,40830610,2621,HAMMERMILL PAPER CO,1000000,40.0,40.0,1985-10-16,1985-10-04,12.0
59301,41055010,5141,HANNAFORD BROS CO,225000,11.5,2.588,1976-07-15,,
59301,41055010,5141,HANNAFORD BROS CO,380000,23.5,8.93,1983-04-05,1983-03-09,27.0
59301,41055010,5141,HANNAFORD BROS CO,600000,23.125,13.875,1985-10-08,1985-09-13,25.0
27924,41163110,2731,HARCOURT BRACE JOVAN,7000000,9.5,66.5,1988-11-04,1988-10-07,28.0
40970,41255210,1311,HARKEN OIL & GAS INC,700000,14.875,10.413,1981-04-09,1981-01-26,73.0
32563,41334510,3536,HARNISCHFEGER INDUS INC,910000,25.75,23.432,1975-08-05,,
32563,41334510,3536,HARNISCHFEGER INDUS INC,2500000,17.0,42.5,1987-03-27,1987-02-27,28.0
32563,41334510,3536,HARNISCHFEGER INDUS INC,4500000,21.875,98.438,1988-06-28,1988-06-14,14.0
41081,82048410,6712,HARTFORD NATIONAL CORP,700000,36.625,25.638,1983-07-06,1983-06-22,14.0
41081,82048410,6712,HARTFORD NATIONAL CORP,2500000,38.25,95.625,1986-02-27,1986-02-20,7.0
41217,41959610,5712,HAVERTY FURNITURE COS,225000,24.0,5.4,1983-07-20,1983-06-30,20.0
64581,42185310,7391,HAZLETON LABORATORIES,800000,21.625,17.3,1980-11-18,1980-10-13,36.0
41284,42190110,8051,HEALTH CARE & RETIRE,750000,15.75,11.813,1983-04-07,1983-03-25,13.0
67598,42191510,6799,HEALTH CARE PROPERTY INV,3000000,24.875,74.625,1986-04-04,1986-03-18,17.0
67598,42191510,6799,HEALTH CARE PROPERTY INV,1000000,25.375,25.375,1989-04-05,1989-03-20,16.0
64434,42219J10,8082,HEALTH EXTENSION SVCS,600000,8.5,5.1,1985-05-30,1985-03-12,79.0
88605,42217810,8071,HEALTH IMAGES INC,1000000,4.5,4.5,1987-07-21,1987-05-20,62.0
67600,42219910,8081,HEALTHAMERICA CORP,1250000,20.5,25.625,1984-10-12,1984-09-18,24.0
32651,42270410,1041,HECLA MINING CO,1000000,23.875,23.875,1983-01-19,1983-01-07,12.0
32678,42280510,3811,HEICO CORP,350000,33.75,11.813,1987-01-27,1987-01-14,13.0
64979,42289310,5712,HEILIG-MEYERS CO,850000,30.75,26.138,1986-05-22,1986-04-15,37.0
60476,42300210,3569,HEIN-WERNER CORP,700000,17.375,12.163,1989-06-13,1989-05-19,25.0
.,42308810,3634,HELEN OF TROY CORP,400000,4.0,1.6,1980-05-21,1980-04-09,42.0
.,42308810,3634,HELEN OF TROY CORP,500000,14.625,7.313,1983-05-03,1983-03-22,42.0
27879,42323610,2844,HELENE CURTIS INDUSTRIES,800000,36.625,29.3,1988-08-04,1988-07-15,20.0
64223,42721410,4899,HERITAGE COMMUNICATIONS,1500000,16.875,25.313,1984-10-09,1984-09-27,12.0
64223,42721410,4899,HERITAGE COMMUNICATIONS,2500000,15.875,39.688,1985-04-25,1985-04-19,6.0
68937,42722710,7813,HERITAGE ENTERTAINMENT,1000000,9.5,9.5,1986-08-01,1986-07-01,31.0
54114,60054410,2520,HERMAN MILLER INC,320000,33.5,10.72,1980-11-06,1980-10-20,17.0
16600,42786610,2066,HERSHEY FOODS CORP,1500000,37.0,55.5,1981-11-18,1981-06-17,154.0
61567,42829010,2221,HEXCEL CORP,600000,25.375,15.225,1984-10-05,1984-09-19,16.0
41807,42865610,6021,HIBERNIA CORP,750000,20.5,15.375,1988-09-14,1988-08-09,36.0
39108,42981210,3662,HIGH VOLTAGE ENGINEERING,700000,15.0,10.5,1980-09-03,1980-08-18,16.0
42084,43460210,7372,HOGAN SYSTEMS INC,875000,18.5,16.188,1983-12-13,1983-11-18,25.0
42236,43706010,5211,HOME CENTERS OF AMER INC,800000,9.5,7.6,1983-11-22,1983-04-04,232.0
51561,44106510,8062,HOSPITAL CORP OF AMERICA,850000,23.625,20.081,1976-03-31,,
51561,44106510,8062,HOSPITAL CORP OF AMERICA,2200000,40.5,89.1,1979-12-06,1979-11-23,13.0
42586,44090010,8082,HOSPITAL STAFFING SVCS,800000,7.625,6.1,1989-11-22,1989-09-29,54.0
50585,40426510,6799,HUBBARD REAL ESTATE INV,1500000,23.125,34.688,1983-06-01,1983-05-06,26.0
44150,44435610,3714,HUFFY CORP,900000,14.625,13.163,1983-06-08,1983-05-10,29.0
56485,44449210,3533,HUGHES TOOL CO,1500000,47.5,71.25,1979-11-14,1979-10-24,21.0
56485,44449210,3533,HUGHES TOOL CO,1500000,80.375,120.563,1980-10-23,1980-10-09,14.0
48653,44485910,8062,HUMANA INC,1500000,26.125,39.188,1979-05-16,,
48653,44485910,8062,HUMANA INC,3000000,39.125,117.375,1982-11-17,1982-11-05,12.0
53719,44633910,8062,HUNTINGTON HEALTH SVCS,350000,7.875,2.756,1980-12-18,1980-11-14,34.0
42922,44732410,3823,HURCO COS INC,1000000,16.5,16.5,1989-06-15,1989-05-15,31.0
42922,44732410,3823,HURCO MFG CO INC,600000,16.25,9.75,1983-05-03,1983-04-04,29.0
43020,44860710,2835,HYBRITECH INC,1250000,26.75,33.438,1982-11-10,1982-10-26,15.0
57197,44926410,6711,I.C.H. CORP,4500000,23.375,105.188,1986-05-22,1986-05-06,16.0
43474,45104610,3576,ICOT CORP,1500000,8.5,12.75,1983-02-16,1983-01-27,20.0
75259,44966910,711,IMC FERTILIZER GROUP INC,5000000,40.0,200.0,1988-07-18,1988-07-07,11.0
88867,45252610,2835,IMMUCOR INC,800000,8.5,6.8,1987-09-01,1987-08-05,27.0
43610,45252710,2836,IMMUNEX CORP,1400000,12.75,17.85,1986-03-21,1986-02-04,45.0
72100,45254010,3612,IMO DELAVAL INC,3000000,18.875,56.625,1988-06-09,1988-05-06,34.0
43781,45323310,5734,INACOMP COMPUTER CENTERS,1750000,8.375,14.656,1987-06-29,1987-05-29,31.0
64266,45666810,7372,INFORMATICS GENERAL CORP,850000,21.0,17.85,1982-11-24,1982-11-12,12.0
44170,45680910,3661,INFOTRON SYSTEMS CORP,650000,33.0,21.45,1983-05-25,1983-05-11,14.0
12431,45686610,3563,INGERSOLL RAND CO,1000000,76.0,76.0,1975-04-29,1975-04-04,25.0
12458,45747210,3312,INLAND STEEL INDUS INC,1500000,49.375,74.063,1976-03-29,1976-03-11,18.0
12458,45747210,3312,INLAND STEEL INDUS INC,3300000,23.875,78.788,1986-04-04,1986-03-10,25.0
12458,45747210,3312,INLAND STEEL INDUS INC,3000000,28.75,86.25,1987-05-27,1987-05-11,16.0
44410,45791510,8731,INTEGRATED GENETICS INC,1500000,12.75,19.125,1986-05-28,1986-04-18,40.0
44768,45866510,2273,INTERFACE FLOORING SYS,2800000,21.25,59.5,1987-04-07,1987-03-02,36.0
44792,45868310,3571,INTERGRAPH CORP,2000000,30.0,60.0,1983-03-02,1983-02-10,20.0
44792,45868310,3571,INTERGRAPH CORP,1600000,54.75,87.6,1985-05-02,1985-04-18,14.0
44821,45877110,3490,INTERMAGNETICS GENERAL,1000000,7.0,7.0,1983-12-01,1983-08-25,98.0
44821,45877110,3490,INTERMAGNETICS GENERAL,925000,6.375,5.897,1985-10-23,1985-07-03,112.0
44840,45878210,3577,INTERMEC CORP,700000,15.0,10.5,1984-10-24,1984-09-19,35.0
44840,45878210,3577,INTERMEC CORP,1050000,28.25,29.663,1989-12-07,1989-11-01,36.0
21573,46014610,2621,INTERNATL PAPER CO,2250000,69.0,155.25,1976-08-03,,
89181,46114210,3661,INTERVOICE INC,1300000,26.0,33.8,1989-09-29,1989-08-31,29.0
89106,45900410,1531,INTL AMERICAN HOMES INC,3000000,4.25,12.75,1986-09-18,1986-07-09,71.0
45050,45917320,7900,INTL BROADCASTING CORP,550000,14.5,7.975,1987-08-26,1987-06-29,58.0
45074,45927610,8071,INTL CLINICAL LABS INC,1100000,24.5,26.95,1983-08-16,,
45306,45866A10,3661,INTL MOBILE MACHINES,1000000,7.125,7.125,1985-08-13,1985-06-10,64.0
45306,45866A10,3661,INTL MOBILE MACHINES,1300000,10.0,13.0,1986-05-20,1986-04-04,46.0
53129,46004310,2041,INTL MULTIFOODS CORP,1250000,41.0,51.25,1986-04-23,1986-04-15,8.0
21573,46014610,2621,INTL PAPER CO,2500000,68.875,172.188,1986-10-22,1986-10-16,6.0
27705,46025410,3674,INTL RECTIFIER CORP,1250000,15.75,19.688,1984-03-16,1984-02-13,32.0
45437,46032120,4412,INTL SHIPHOLDING CORP,800000,19.0,15.2,1989-04-12,1989-01-04,98.0
45891,46203010,3572,IOMEGA CORP,1500000,10.0,15.0,1985-04-03,1985-03-06,28.0
57066,46221810,3559,IONICS INC,1000000,20.875,20.875,1985-07-26,1985-07-02,24.0
66595,45005230,7391,IRT CORP,600000,11.5,6.9,1983-07-29,1983-07-12,17.0
53372,45005810,6799,IRT PROPERTY CO,750000,18.25,13.688,1984-02-09,1984-01-04,36.0
45955,46366410,8731,IRVINE SENSORS CORP,1000000,2.0,2.0,1984-06-21,1984-04-09,73.0
43596,46563210,3861,ITEK CORP,400000,29.75,11.9,1978-08-21,,
46077,46564210,7359,ITEL CORP,1000000,25.5,25.5,1978-06-20,,
75228,46582310,3589,IVAX CORP,1250000,10.5,13.125,1988-01-20,,
46173,46623710,3432,J.P. INDUSTRIES INC,1000000,37.0,37.0,1986-03-21,1986-03-14,7.0
46288,46626510,1731,JAMAICA WATER PROPERTIES,400000,15.0,6.0,1984-02-01,,
46114,46610910,5812,JB'S RESTAURANTS INC,1100000,13.5,14.85,1985-06-11,1985-05-29,13.0
46544,47650210,5812,JERRICO INC,550000,57.5,31.625,1975-10-08,,
66966,47709310,4511,JET AMERICA AIRLINES,1100000,5.625,6.188,1983-12-01,1983-10-24,38.0
16707,56502030,1499,JOHNS MANVILLE CORP,2500000,26.75,66.875,1976-05-26,,
46659,05069E10,3651,JOHNSON ELECTRONICS INC,300000,13.5,4.05,1983-04-26,1983-03-17,40.0
67280,20891510,6531,JOHNSTOWN AMERICAN COS,1100000,8.0,8.8,1983-10-04,1983-08-03,62.0
46691,44090310,2379,JONES/HOSPLEX SYSTEMS,700000,1.0,0.7,1984-08-17,,
21557,48119610,3532,JOY MANUFACTURING CO,700000,69.5,48.65,1975-05-29,,
46288,46626510,1731,JWP INC,1600000,25.5,40.8,1989-06-28,1989-06-05,23.0
60513,48851810,1381,KENAI DRILLING LTD,250000,3.625,0.906,1976-02-06,,
75072,49055310,5063,KENT ELECTRONICS CORP,1000000,6.375,6.375,1988-09-23,1988-08-26,28.0
25769,49238610,2911,KERR MCGEE CORP,750000,92.5,69.375,1975-06-24,,
47539,49266710,3990,KETTERING INDUSTRIES INC,280000,6.5,1.82,1979-05-10,,
46886,48248010,3827,KLA INSTRUMENTS CORP,1000000,22.25,22.25,1984-05-18,1984-05-08,10.0
61137,49915810,3662,KNOGO CORP,500000,11.0,5.5,1978-09-14,,
61372,50023010,6512,KOGER PROPERTIES INC,1000000,22.625,22.625,1980-05-29,1980-01-29,121.0
61372,50023010,6512,KOGER PROPERTIES INC,1200000,27.5,33.0,1985-02-20,1985-02-07,13.0
45866,50044010,3832,KOLLMORGEN CORP,500000,20.5,10.25,1982-05-26,1982-05-13,13.0
74908,50106710,8731,KRUG INTL CORP,300000,10.5,3.15,1986-09-17,1986-08-01,47.0
48144,50124210,3559,KULICKE & SOFFA INDS INC,400000,19.5,7.8,1979-10-31,1979-09-28,33.0
48312,50375310,8351,LA PETITE ACADEMY INC,150000,17.5,2.625,1983-11-17,1983-09-23,55.0
48312,50375310,8351,LA PETITE ACADEMY INC,1350000,15.0,20.25,1985-07-31,1985-07-17,14.0
58624,50419510,7011,LA QUINTA MOTOR INNS INC,600000,18.625,11.175,1980-11-12,1980-10-10,33.0
58624,50419510,7011,LA QUINTA MOTOR INNS INC,1000000,18.125,18.125,1981-11-24,1981-11-10,14.0
12048,51491310,7373,LANDMARK GRAPHICS CORP,1000000,20.25,20.25,1989-08-18,1989-07-12,37.0
48769,51790010,3827,LASER PRECISION CORP,650000,5.0,3.25,1983-10-20,1983-08-31,50.0
61380,52189010,1311,LEAR PETROLEUM CORP,1100000,37.75,41.525,1980-01-18,1979-12-07,42.0
49104,52416410,2835,LEECO DIAGNOSTICS INC,600000,5.0,3.0,1988-01-19,,
65330,52490110,6711,LEGG MASON INC,650000,22.25,14.463,1985-12-18,1985-12-05,13.0
52708,52605710,6552,LENNAR CORP,900000,28.0,25.2,1987-06-17,1987-05-13,35.0
88269,36409110,3944,LEWIS GALOOB TOYS INC,1200000,15.0,18.0,1986-08-12,1986-06-25,48.0
49278,52800310,5031,LEWIS PALMER G INC,300000,13.5,4.05,1978-10-26,,
18147,89667810,3069,LIBBEY-OWENS-FORD CO,2200000,47.0,103.4,1985-08-19,1985-08-08,11.0
49462,53185110,3841,LIFE INSTRUMENTS CORP,500000,7.25,3.625,1981-03-26,,
53807,53219410,8072,LIFEMARK CORP,500000,26.25,13.125,1980-05-14,1980-05-07,7.0
53807,53219410,8072,LIFEMARK CORP,700000,48.75,34.125,1981-06-05,1981-05-29,7.0
63351,53191120,8082,LIFETIME CORP,1800000,18.5,33.3,1989-10-06,1989-08-31,36.0
58106,53225310,3641,LIGHTOLIER INC,250000,14.875,3.719,1981-05-29,1981-05-12,17.0
21178,53982110,3721,LOCKHEED CORP,2000000,48.375,96.75,1982-03-23,1982-03-05,18.0
21178,53982110,3721,LOCKHEED CORP,3000000,95.0,285.0,1983-03-23,1983-03-18,5.0
12888,54229010,3272,LONE STAR INDUSTRIES INC,1500000,30.375,45.563,1985-12-03,1985-11-29,4.0
33785,54385910,3679,LORAL CORP,1000000,58.0,58.0,1980-01-22,1980-01-14,8.0
61399,54866110,5031,LOWE'S COS INC,2000000,39.0,78.0,1986-04-18,1986-04-11,7.0
49488,50216010,3562,LSB INDUSTRIES INC,700000,5.25,3.675,1981-05-14,1981-04-28,16.0
48291,50239210,3825,LTX CORP,900000,14.0,12.6,1983-03-29,1983-03-04,25.0
48291,50239210,3825,LTX CORP,1000000,16.5,16.5,1984-12-04,1984-11-08,26.0
64020,54928210,5812,LUBY'S CAFETERIAS INC,500000,27.125,13.563,1982-06-16,1982-05-25,22.0
53823,55112010,3661,LYNCH COMMUNICATION SYS,420000,21.75,9.135,1984-10-24,1984-09-25,29.0
70818,04541710,6211,M.D.C. ASSET INVESTORS,3000000,16.0,48.0,1987-10-16,1987-09-23,23.0
66245,55267610,1521,M.D.C. HOLDINGS INC,1000000,11.0,11.0,1985-10-11,1985-09-24,17.0
34147,55261810,3662,M/A COM INC,900000,35.625,32.063,1980-01-10,1979-12-31,10.0
34147,55261810,3662,M/A COM INC,1500000,27.0,40.5,1983-03-24,1983-03-11,13.0
67643,55443010,3949,MACGREGOR SPORTING GOODS,1000000,12.5,12.5,1985-04-24,1985-04-03,21.0
50682,55448210,3559,MACHINE TECHNOLOGY INC,800000,6.75,5.4,1984-05-10,1984-04-05,35.0
50885,55921410,6021,MAGNA GROUP INC,900000,11.25,10.125,1985-04-17,1985-03-21,27.0
50906,00088610,3679,MAGNETIC CONTROLS CO,500000,25.0,12.5,1980-09-24,1980-08-06,49.0
90414,56085010,7841,MAJOR VIDEO CORP,1400000,6.375,8.925,1987-07-29,1987-06-19,40.0
13012,56287610,2321,MANHATTAN INDUSTRIES INC,500000,20.625,10.313,1984-05-01,1984-04-12,19.0
59926,56405410,8051,MANOR CARE INC,1000000,27.625,27.625,1982-11-16,1982-11-11,5.0
66261,56584010,5112,MARATHON OFFIC SUPPLY,600000,6.5,3.9,1983-10-25,1983-09-06,49.0
12395,76714710,7990,MARCOR RESORTS INC,1050000,6.5,6.825,1989-11-30,1989-09-18,73.0
47837,56979010,2834,MARION LABORATORIES INC,400000,44.5,17.8,1982-10-29,1982-10-28,1.0
67328,57038710,2834,MARK IV INDUSTRIES INC,2000000,15.625,31.25,1987-07-01,1987-05-29,33.0
46703,57163010,5812,MARRIOTT CORP,1250000,18.375,22.969,1976-02-19,,
45022,57239310,5065,MARSHALL INDUSTRIES,900000,25.0,22.5,1983-09-20,1983-07-19,63.0
45022,57239310,5065,MARSHALL INDUSTRIES,1500000,20.0,30.0,1987-09-29,1987-09-16,13.0
51781,55310710,6712,MARYLAND NATIONAL CORP,1750000,22.25,38.938,1985-03-26,1985-03-07,19.0
20386,57537920,2661,MASONITE CORP,750000,50.25,37.688,1983-07-08,,
72558,85458010,1389,MATAGORDA DRILLING & EXP,1100000,7.25,7.975,1981-06-23,1981-06-22,1.0
30082,57682910,3660,MATRIX CORP,650000,39.5,25.675,1983-04-26,1983-04-13,13.0
51992,57790420,6324,MAXICARE HEALTH PLANS,5000000,18.125,90.625,1985-11-26,1985-11-14,12.0
63669,57834810,6711,MAYFLOWER CORP,1000000,17.0,17.0,1983-05-11,1983-04-25,16.0
63669,57834810,6711,MAYFLOWER CORP,650000,21.0,13.65,1984-10-26,1984-09-24,32.0
51917,55262210,5734,MBI BUSINESS CENTERS INC,1200000,12.25,14.7,1985-07-30,1985-07-03,27.0
26534,58003310,3531,MCDERMOTT INC,4000000,31.625,126.5,1980-03-05,1980-02-14,20.0
60652,58243010,1381,MCMORAN EXPLORATION CO,1500000,13.75,20.625,1977-07-12,,
11037,55268710,3842,MDT CORP,1000000,11.0,11.0,1989-06-23,1989-05-31,23.0
52346,58410510,3841,MEDEX INC,450000,11.5,5.175,1983-07-21,1983-06-16,35.0
52741,58555210,100,MELRIDGE INC,900000,8.375,7.538,1984-11-30,1984-10-04,57.0
52792,58718810,3842,MENTOR CORP,250000,22.0,5.5,1982-12-02,1982-11-10,22.0
52920,58915210,6021,MERCHANTS NATIONAL CORP,750000,35.75,26.813,1985-06-28,1985-06-14,14.0
53082,00949910,4512,MESABA AVIATION INC,700000,3.25,2.275,1985-11-20,1985-09-16,65.0
59563,59159010,7397,METPATH INC,350000,30.875,10.806,1980-06-24,1980-05-30,25.0
59563,59159010,7397,METPATH INC,650000,21.875,14.219,1981-06-02,1981-05-06,27.0
61794,55301310,7824,METRO-GOLDWYN-MAYER FILM,5000000,8.875,44.375,1981-08-21,1981-07-30,22.0
50455,55281310,1311,MGF OIL CORP,1250000,18.5,23.125,1979-12-14,1979-11-29,15.0
50455,55281310,1311,MGF OIL CORP,2000000,14.125,28.25,1981-05-19,1981-04-24,25.0
52484,05714910,8911,MICHAEL BAKER CORP,800000,13.0,10.4,1989-07-21,1989-06-30,21.0
11291,59407410,5140,MICHAEL FOODS INC,1700000,16.0,27.2,1988-07-12,1988-06-15,27.0
53381,59408710,5999,MICHAELS STORES INC,1500000,4.875,7.313,1985-05-16,1985-04-01,45.0
53429,59478710,3661,MICOM SYSTEMS INC,750000,44.75,33.563,1983-07-14,1983-07-01,13.0
11339,59501910,3661,MICROCOM INC,1300000,18.0,23.4,1989-06-06,1989-04-28,39.0
53568,59503410,3571,MICRODATA CORP,500000,19.625,9.813,1976-02-26,,
53576,59506710,3663,MICRODYNE CORP,200000,11.625,2.325,1979-03-15,,
53576,59506710,3663,MICRODYNE CORP,465000,29.0,13.485,1981-05-12,1981-04-16,26.0
53613,59511210,3571,MICRON TECHNOLOGY INC,2000000,6.25,12.5,1986-08-06,1986-05-14,84.0
53613,59511210,3571,MICRON TECHNOLOGY INC,4000000,21.5,86.0,1988-05-24,,
53509,59490710,3572,MICROPOLIS CORP,1500000,17.375,26.063,1986-04-24,1986-04-08,16.0
53640,59513710,3674,MICROSEMI CORP,800000,5.5,4.4,1984-03-28,,
53883,59774010,5084,MIDLAND SOUTHWEST CORP,720000,15.0,10.8,1981-01-22,1980-11-28,55.0
11822,59804110,4011,MIDSOUTH CORP,1150000,12.5,14.375,1989-07-07,1989-05-04,64.0
53939,59813010,4512,MIDWAY AIRLINES INC,500000,13.75,6.875,1981-09-17,1981-07-21,58.0
53939,59813010,4512,MIDWAY AIRLINES INC,1500000,13.0,19.5,1983-10-07,1983-09-12,25.0
54114,60054410,2520,MILLER HERMAN INC,400000,24.0,9.6,1978-08-15,,
54173,60081310,4812,MILLICOM INC,700000,13.0,9.1,1983-10-12,,
43510,60175310,3944,MILTON BRADLEY CO,750000,34.375,25.781,1980-03-12,1980-02-01,40.0
90211,60219110,3577,MILTOPE GROUP INC,1000000,18.25,18.25,1985-11-13,1985-10-18,26.0
75490,60740610,4812,MOBILE TELECOMMUN TECHNL,3450000,10.75,37.088,1989-10-11,1989-09-01,40.0
45233,74690610,3573,MOHAWK DATA SCI CORP,2000000,21.5,43.0,1981-01-16,1981-01-05,11.0
54798,55288010,2834,MOLECULAR GENETICS INC,1250000,15.75,19.688,1983-03-11,1983-01-28,42.0
54798,55288010,2834,MOLECULAR GENETICS INC,1500000,11.5,17.25,1986-06-12,1986-05-06,37.0
54843,60902010,3944,MONARCH AVALON INC,327000,9.0,2.943,1981-11-12,1981-09-02,71.0
55053,60983610,3674,MONOLITHIC MEMORIES INC,1250000,18.0,22.5,1982-11-09,1982-10-20,20.0
55053,60983610,3674,MONOLITHIC MEMORIES INC,1400000,24.25,33.95,1983-08-16,,
55053,60983610,3674,MONOLITHIC MEMORIES INC,2000000,18.75,37.5,1986-02-20,1986-02-04,16.0
18382,61166210,2823,MONSANTO CO,3000000,71.0,213.0,1981-04-22,1981-03-27,26.0
61807,61539420,3494,MOOG INC,920000,28.0,25.76,1981-06-18,1981-06-11,7.0
48071,61688010,6711,MORGAN J P & CO INC,2000000,54.0,108.0,1976-03-09,,
55079,61844710,1622,MORRISON-KNUDSEN CO INC,1250000,44.5,55.625,1980-11-18,1980-11-07,11.0
64442,61690010,5099,MORTRONICS INC,1500000,7.875,11.813,1982-07-29,1982-06-17,42.0
55272,61971110,3674,MOSTEK CORP,500000,14.0,7.0,1977-09-27,,
55272,61971110,3674,MOSTEK CORP,750000,23.25,17.438,1979-06-07,,
22779,62007610,3651,MOTOROLA INC,7000000,43.25,302.75,1986-02-26,1986-02-18,8.0
61997,55361710,3573,MSI DATA CORP,750000,18.375,13.781,1987-08-13,1987-07-13,31.0
65007,62748210,4521,MUSE AIR CORP,1400000,16.25,22.75,1983-05-25,1983-04-12,43.0
63255,62952510,2052,NABISCO BRANDS INC,3000000,32.0,96.0,1982-08-17,1982-08-05,12.0
44302,63087110,3662,NARDA MICROWAVE CORP,325000,25.0,8.125,1980-10-09,1980-08-05,65.0
56040,63115810,5140,NASH FINCH CO,475000,22.75,10.806,1987-06-26,1987-06-08,18.0
56339,63551910,3577,NATIONAL COMPUTER SYS,1500000,17.5,26.25,1986-04-30,1986-04-09,21.0
90457,63633710,6321,NATIONAL HEALTHCARE INC,2000000,13.5,27.0,1986-04-17,1986-04-04,13.0
56531,63690410,3679,NATIONAL MICRONETICS INC,300000,8.625,2.588,1978-12-20,,
56531,63690410,3679,NATIONAL MICRONETICS INC,850000,15.0,12.75,1982-05-11,1982-04-14,27.0
13354,74763310,2085,NATL DISTILLERS & CHEML,1750000,60.0,105.0,1987-02-26,1987-02-19,7.0
52337,63688610,8062,NATL MEDICAL ENTERPRISES,2200000,30.625,67.375,1980-02-25,1980-01-31,25.0
52337,63688610,8062,NATL MEDICAL ENTERPRISES,1700000,37.125,63.113,1980-11-19,1980-11-06,13.0
52337,63688610,8062,NATL MEDICAL ENTERPRISES,2300000,21.75,50.025,1981-05-06,1981-04-24,12.0
52337,63688610,8062,NATL MEDICAL ENTERPRISES,4000000,25.125,100.5,1982-11-29,1982-11-18,11.0
59096,63690510,3532,NATL MINE SERVICE CO,900000,16.75,15.075,1976-06-02,,
51377,63764010,3662,NATL SEMICONDUCTOR CORP,1500000,43.5,65.25,1980-10-15,1980-10-07,8.0
51377,63764010,3662,NATL SEMICONDUCTOR CORP,4000000,48.75,195.0,1983-08-10,1983-07-21,20.0
56777,63810410,8734,NATL TECHNICAL SYSTEMS,600000,10.5,6.3,1983-02-23,1983-01-31,23.0
19676,63876010,1382,NATOMAS CO,3500000,15.5,54.25,1983-05-06,1983-05-03,3.0
63693,62873510,3573,NBI INC,750000,26.5,19.875,1982-04-28,1982-04-14,14.0
55731,62875010,6025,NBSC CORP,215000,28.5,6.128,1986-08-01,1986-07-10,22.0
66659,64080810,1111,NERCO INC,2100000,17.0,35.7,1989-07-28,1989-06-16,42.0
57155,64121710,3576,NETWORK SYSTEMS CORP,1000000,27.0,27.0,1985-03-07,1985-03-05,2.0
75518,22674M10,8082,NEW ENGLAND CRITICAL CR,1000000,20.5,20.5,1987-07-28,1987-06-26,32.0
60986,65119210,2591,NEWELL CO,1300000,28.875,37.538,1986-03-07,1986-02-25,10.0
69585,65163710,1041,NEWMONT GOLD CO,4000000,31.0,124.0,1987-04-03,1987-03-17,17.0
21207,65163910,1382,NEWMONT MINING CORP,4000000,45.0,180.0,1987-06-18,1987-05-13,36.0
57534,65182410,3821,NEWPORT CORP,565000,38.5,21.753,1983-02-23,1983-02-09,14.0
67707,65380640,8071,NICHOLS INSTITUTE,675000,17.25,11.644,1989-07-13,1989-06-01,42.0
64303,65406110,3825,NICOLET INSTRUMENT CORP,350000,8.5,2.975,1977-06-28,,
64303,65406110,3825,NICOLET INSTRUMENT CORP,500000,16.0,8.0,1979-10-30,1979-09-17,43.0
64303,65406110,3825,NICOLET INSTRUMENT CORP,800000,17.5,14.0,1983-07-07,,
57753,65510710,5812,NOBLE ROMAN'S INC,80000,12.25,0.98,1983-07-13,,
57817,65566410,5651,NORDSTROM BEST INC,900000,21.5,19.35,1978-10-19,,
57884,65653510,7385,NORSTAN INC,200000,8.25,1.65,1979-10-31,1979-08-08,84.0
57884,65653510,7385,NORSTAN INC,300000,15.0,4.5,1981-01-08,1980-11-14,55.0
57884,65653510,7385,NORSTAN INC,1000000,14.0,14.0,1983-06-14,1983-05-27,18.0
49752,65655910,3569,NORTEK INC,910000,12.25,11.148,1981-05-29,1981-05-07,22.0
49752,65655910,3569,NORTEK INC,2000000,14.625,29.25,1985-06-07,1985-05-28,10.0
57999,65730510,3575,NORTH ATLANTIC INDUS INC,200000,5.0,1.0,1979-07-03,,
49955,66641610,1031,NORTHGATE EXPLORATION,4000000,8.0,32.0,1987-08-21,1987-08-05,16.0
39300,66860510,3291,NORTON CO,1750000,40.0,70.0,1983-07-06,1983-06-21,15.0
58473,66987010,3845,NOVAMETRIX MEDICAL SYS,350000,12.75,4.463,1980-11-25,1980-10-17,39.0
58473,66987010,3845,NOVAMETRIX MEDICAL SYS,800000,14.5,11.6,1983-01-20,1982-12-31,20.0
47204,59180610,3823,NUCLEAR DATA INC,200000,14.5,2.9,1979-09-26,1979-08-10,47.0
58625,87157J10,2834,NUCLEAR PHARMACY INC,750000,7.0,5.25,1980-10-30,1980-09-23,37.0
58668,67034910,1311,NUCORP ENERGY INC,1000000,16.375,16.375,1980-07-14,1980-06-13,31.0
64290,62943010,6711,NUI CORP,1000000,18.375,18.375,1989-07-14,1989-06-27,17.0
58801,67090320,8060,NU-MED INC,825000,16.0,13.2,1983-08-24,1983-07-08,47.0
21485,62945J10,4511,NWA INC,3000000,66.5,199.5,1987-02-10,1987-02-05,5.0
34825,67140010,3613,OAK INDUSTRIES INC,500000,26.625,13.313,1978-07-26,,
34825,67140010,3613,OAK INDUSTRIES INC,1100000,30.5,33.55,1979-10-03,1979-09-17,16.0
34833,67459910,1311,OCCIDENTAL PETROLEUM,12000000,31.75,381.0,1985-08-22,1985-08-14,8.0
34833,67459910,1311,OCCIDENTAL PETROLEUM,33000000,30.5,1006.5,1987-03-04,1987-02-19,13.0
34833,67459910,1311,OCCIDENTAL PETROLEUM,35000000,26.5,927.5,1988-06-07,1988-05-16,22.0
58975,67523210,1389,OCEANEERING INTL INC,9000000,4.0,36.0,1987-09-22,1987-08-14,39.0
59011,01883610,2451,OCILLA INDUSTRIES INC,800000,13.0,10.4,1984-12-05,1984-11-19,16.0
11913,67572410,3661,OCTEL COMMUNICATIONS,1500000,23.375,35.063,1989-08-16,1989-07-27,20.0
53639,67082610,3483,OEA INC,600000,16.0,9.6,1982-12-21,1982-11-30,21.0
90676,84632910,5812,OLD SPAGHETTI WAREHOUSE,560000,16.5,9.24,1989-10-06,1989-08-25,42.0
59409,68029310,6022,OLD STONE CORP,450000,28.5,12.825,1985-06-28,1985-05-17,42.0
59409,68029310,6022,OLD STONE CORP,700000,37.0,25.9,1986-04-30,1986-03-14,47.0
57840,68071110,2651,OLINKRAFT INC,1000000,32.0,32.0,1976-05-20,,
59548,68211910,6512,OMNIDENTIX SYSTEMS CORP,700000,4.5,3.15,1983-07-13,1983-05-26,48.0
75356,68265510,2253,ONEITA INDUSTRIES INC,1000000,12.625,12.625,1989-09-19,1989-08-30,20.0
25232,68267810,1311,ONEOK INC,1000000,30.0,30.0,1981-11-10,1981-10-16,25.0
59767,68382910,3827,OPTICAL COATING LAB INC,500000,43.5,21.75,1983-03-30,1983-03-17,13.0
59775,68383610,3851,OPTICAL RADIATION CORP,500000,36.0,18.0,1983-04-05,1983-03-10,26.0
59839,68389110,3827,OPTO MECHANIK INC,600000,6.0,3.6,1985-06-21,1985-05-03,49.0
59898,68589910,3350,OREGON METALLURGICAL,1000000,19.5,19.5,1989-11-17,1989-10-06,42.0
42665,68622010,2337,ORGINALA PETROLEUM CORP,1500000,4.0,6.0,1981-03-05,1981-01-05,59.0
61612,12603010,3861,ORROX CORP,300000,8.75,2.625,1981-11-23,1981-09-29,55.0
60063,68835010,3569,OSMONICS INC,300000,14.0,4.2,1981-04-10,,
60063,68835010,3569,OSMONICS INC,450000,12.625,5.681,1986-07-01,,
20394,69002010,3519,OUTBOARD MARINE CORP,2000000,31.0,62.0,1987-03-10,1987-02-24,14.0
40897,23456910,2431,OVERHEAD DOOR CORP,900000,19.375,17.438,1983-06-16,1983-06-02,14.0
60186,69073010,5122,OWENS & MINOR INC,600000,15.25,9.15,1983-08-26,1983-08-11,15.0
13661,69076810,3221,OWENS ILLINOIS INC,1400000,57.5,80.5,1976-03-03,,
60231,46322810,1311,OXOCO INC,800000,15.875,12.7,1981-11-03,1981-10-07,27.0
44417,69263210,4511,OZARK AIR LINES INC,1000000,14.625,14.625,1982-11-18,1982-11-12,6.0
60792,69487610,4813,PACIFIC TELECOM INC,1500000,18.0,27.0,1983-01-12,1982-12-20,23.0
66026,69489010,4811,PACIFIC TELESIS GROUP,5000000,70.625,353.125,1985-09-25,1985-09-05,20.0
49278,52800310,5031,PALMER G. LEWIS CO INC,820000,11.75,9.635,1983-04-28,1983-04-15,13.0
61058,69830410,5812,PANCHO'S MEXICAN BUFFET,1000000,7.5,7.5,1985-02-26,1985-02-06,20.0
61058,69830410,5812,PANCHO'S MEXICAN BUFFET,700000,13.125,9.188,1987-06-10,1987-05-22,19.0
66034,69833510,2751,PANDICK INC,1350000,21.0,28.35,1986-04-23,1986-04-18,5.0
68611,69863110,7372,PANSOPHIC SYSTEMS INC,1250000,23.25,29.063,1983-07-19,1983-07-01,18.0
60994,69911310,7374,PARADYNE CORP,1000000,31.625,31.625,1981-03-06,1981-02-23,11.0
60994,69911310,7374,PARADYNE CORP,1250000,30.5,38.125,1982-03-12,1982-02-22,18.0
35107,70041620,3993,PARK ELECTROCHEMICAL,475000,30.75,14.606,1983-06-16,1983-05-13,34.0
58675,70108110,1311,PARKER DRILLING CO,4500000,6.25,28.125,1987-10-02,1987-08-13,50.0
58675,70108110,1311,PARKER DRILLING CO,6000000,7.0,42.0,1989-10-11,1989-09-14,27.0
41355,70109410,3429,PARKER HANNIFIN CORP,500000,29.25,14.625,1976-05-06,,
41355,70109410,3429,PARKER-HANNIFIN CORP,1500000,28.5,42.75,1981-02-19,1981-01-27,23.0
61517,70349510,1311,PATTON OIL CO,530000,6.5,3.445,1980-05-01,,
65023,70431210,5251,PAY N PAK STORES INC,450000,18.875,8.494,1978-10-19,,
61592,70431810,5912,PAY N SAVE CORP,1100000,21.125,23.237,1975-10-28,,
63298,70437810,5211,PAYLESS CASHWAYS INC,500000,27.0,13.5,1976-03-19,,
63298,70437810,5211,PAYLESS CASHWAYS INC,700000,40.75,28.525,1982-12-16,1982-12-14,2.0
65023,70431210,5251,PAY'N PAK STORES INC,1550000,18.75,29.063,1983-05-06,1983-04-22,14.0
65023,70431210,5251,PAY'N PAK STORES INC,700000,17.625,12.338,1984-01-23,1984-01-09,14.0
60329,70705830,3533,PENGO INDUSTRIES INC,1000000,25.5,25.5,1981-03-17,1981-02-26,19.0
62965,70717610,1382,PENINSULA RESOURCES CORP,500000,9.25,4.625,1979-12-05,1979-10-04,62.0
18403,70816010,5311,PENNEY J C INC,3000000,45.5,136.5,1975-12-09,,
22234,70931710,2821,PENNWALT CORP,1000000,63.25,63.25,1987-03-03,1987-02-25,6.0
62034,70963110,3560,PENTAIR INC,600000,24.0,14.4,1983-07-15,1983-06-24,21.0
62069,70976410,4512,PEOPLE EXPRESS AIRLINES,2250000,12.25,27.563,1982-08-19,1982-07-09,41.0
62069,70976410,4512,PEOPLE EXPRESS AIRLINES,1000000,32.375,32.375,1983-04-26,1983-04-19,7.0
62069,70976410,4512,PEOPLE EXPRESS INC,2000000,11.625,23.25,1985-09-18,1985-08-29,20.0
62114,71222110,5812,PEOPLES RESTAURANTS INC,700000,4.625,3.238,1982-05-17,1982-05-06,11.0
62114,71222110,5812,PEOPLES RESTAURANTS INC,2000000,8.125,16.25,1982-09-21,1982-08-19,33.0
62149,71361110,3690,PERCEPTRONICS INC,400000,7.0,2.8,1985-06-24,1985-04-25,60.0
50550,71383910,1629,PERINI CORP,470000,33.0,15.51,1989-06-13,1989-04-28,46.0
61823,71461110,5912,PERRY DRUG STORES INC,300000,13.25,3.975,1978-09-26,,
62261,71533410,3841,PERSONAL DIAGNOSTICS INC,700000,7.5,5.25,1984-02-03,1983-10-06,120.0
62261,71533410,3841,PERSONAL DIAGNOSTICS INC,1250000,2.5,3.125,1989-12-19,,
55415,71536110,3573,PERTEC COMPUTER CORP,1000000,10.875,10.875,1978-06-28,,
49576,71643410,5631,PETRIE STORES CORP,2000000,49.25,98.5,1985-12-18,1985-12-12,6.0
62360,71658310,7359,PETROLEUM EQUIP TOOLS CO,800000,30.75,24.6,1980-07-02,1980-06-06,26.0
57728,71645110,1311,PETRO-LEWIS CORP,1000000,35.375,35.375,1980-12-05,1980-11-21,14.0
62499,71692110,5122,PHARMACY CORP OF AMER,700000,3.75,2.625,1983-08-24,,
17806,71726510,3331,PHELPS DODGE CORP,2500000,20.0,50.0,1985-04-03,1985-03-14,20.0
60679,69332010,7513,PHH GROUP INC,900000,35.625,32.063,1980-11-13,1980-10-21,23.0
13901,71815410,2111,PHILIP MORRIS COS INC,2000000,48.625,97.25,1975-03-17,1975-03-06,11.0
13901,71815410,2111,PHILIP MORRIS COS INC,2000000,67.625,135.25,1978-07-13,,
42753,71832010,3442,PHILIPS INDUSTRIES INC,1000000,22.75,22.75,1985-06-12,1985-05-31,12.0
62712,71909510,3089,PHOENIX MEDICAL TECHNOL,400000,8.75,3.5,1987-10-07,1987-09-01,36.0
62755,71920710,3661,PHONE-MATE INC,600000,10.5,6.3,1983-08-09,1983-05-06,95.0
64338,71988410,5065,PICO PRODUCTS INC,850000,7.25,6.163,1982-06-30,1982-05-10,51.0
64338,71988410,5065,PICO PRODUCTS INC,750000,21.625,16.219,1983-06-15,1983-05-19,27.0
60564,72010110,4511,PIEDMONT AVIATION INC,1300000,30.0,39.0,1985-04-19,1985-04-04,15.0
16360,72151010,2045,PILLSBURY COMPANY,1000000,39.875,39.875,1976-02-25,,
24459,72447910,3579,PITNEY BOWES INC,1100000,27.5,30.25,1981-08-11,1981-07-13,29.0
63221,72590110,5812,PIZZA VENTURES INC,800000,10.5,8.4,1982-10-27,1982-10-05,22.0
40360,73019610,5411,PNEUMO CORP,1400000,26.375,36.925,1983-05-19,1983-05-11,8.0
63475,73108610,5051,POLARIS OIL & GAS INC,5000000,0.1,0.5,1978-07-13,,
63483,73110810,7372,POLICY MGT SYS CORP,1000000,59.0,59.0,1983-07-07,1983-06-27,10.0
53102,73243610,5812,PONDEROSA INC,1000000,20.5,20.5,1982-10-05,1982-09-27,8.0
53102,73243610,5812,PONDEROSA INC,1500000,20.875,31.313,1984-06-05,1984-05-16,20.0
63686,73740710,3569,POSSIS CORP,250000,8.75,2.188,1983-04-19,1983-03-07,43.0
63830,74018910,3339,PRECISION CASTPARTS CORP,400000,13.5,5.4,1979-06-26,,
63830,74018910,3339,PRECISION CASTPARTS CORP,400000,26.0,10.4,1983-06-29,,
63749,74101610,1311,PRESIDIO OIL CO,750000,6.625,4.969,1980-04-30,1980-02-04,86.0
54447,74156210,7011,PRIME MOTOR INNS INC,300000,12.25,3.675,1980-12-23,1980-11-17,36.0
54447,74156210,7011,PRIME MOTOR INNS INC,350000,14.0,4.9,1981-09-15,1981-08-06,40.0
54447,74156210,7011,PRIME MOTOR INNS INC,1000000,17.625,17.625,1982-09-10,1982-09-07,3.0
54447,74156210,7011,PRIME MOTOR INNS INC,750000,29.0,21.75,1983-06-06,1983-02-25,101.0
64195,74257810,3577,PRINTRONIX INC,370000,17.5,6.475,1980-06-17,1980-05-14,34.0
64195,74257810,3577,PRINTRONIX INC,500000,26.0,13.0,1982-11-23,1982-05-12,195.0
64486,74367410,6311,PROTECTIVE CORP,1050000,34.75,36.488,1984-12-05,1984-11-15,20.0
91265,74383210,6311,PROVIDENT AMERICAN CORP,750000,4.25,3.188,1986-06-26,1986-05-23,34.0
64742,74622810,3580,PURECYCLE CORP,800000,1.875,1.5,1981-10-15,1981-07-27,80.0
65067,74791410,3845,Q-MED INC,300000,17.0,5.1,1986-04-28,1986-04-02,26.0
42307,74762010,3317,QUANEX CORP,850000,24.25,20.612,1981-01-12,1980-12-19,24.0
65083,74834610,3841,QUEST MEDICAL INC,1000000,8.75,8.75,1982-12-15,1982-11-17,28.0
27756,74835610,1311,QUESTAR CORP,1500000,38.625,57.938,1987-05-22,1987-05-04,18.0
65198,74912010,6200,QUOTRON SYSTEMS INC,700000,28.5,19.95,1980-12-09,1980-11-24,15.0
65198,74912010,6200,QUOTRON SYSTEMS INC,900000,29.5,26.55,1982-11-16,1982-11-12,4.0
65438,75031010,3663,RADIATION SYSTEMS INC,225000,17.0,3.825,1981-01-27,1980-12-05,53.0
65438,75031010,3663,RADIATION SYSTEMS INC,260000,21.25,5.525,1981-07-08,1981-06-22,16.0
65438,75031010,3663,RADIATION SYSTEMS INC,850000,14.125,12.006,1986-03-21,1986-03-07,14.0
65446,74973910,7397,RADIATION TECHNOLOGY INC,300000,15.5,4.65,1981-04-22,,
65622,75187410,3577,RAMTEK CORP,600000,11.75,7.05,1980-05-22,,
50809,75200610,1021,RANCHERS EXPL & DEVELOP,450000,34.125,15.356,1983-07-15,1983-06-02,43.0
65665,75218510,6723,RAND CAPITAL CORP,200000,11.375,2.275,1981-04-02,1981-02-12,49.0
52775,75280510,1311,RANGER OIL LTD,1300000,14.5,18.85,1979-03-14,,
54498,75322810,3559,RANSBURG CORP,1000000,31.75,31.75,1981-01-16,1981-01-06,10.0
64346,75460310,3496,RAYCHEM CORP,125000,226.0,28.25,1975-09-10,,
27406,75472110,1629,RAYMOND INTERNATL INC,1000000,28.75,28.75,1980-10-29,1980-10-09,20.0
46228,75528180,1381,READING & BATES OFFSH DR,950000,19.25,18.288,1975-09-25,,
61620,75623110,3573,RECOGNITION EQUIP INC,1250000,13.25,16.563,1983-08-04,1983-06-02,63.0
61620,75623110,3573,RECOGNITION EQUIP INC,1750000,13.25,23.188,1984-11-07,1984-10-19,19.0
58771,75875010,3545,REGAL-BELOIT CORP,900000,16.5,14.85,1988-12-06,1988-11-04,32.0
66211,75914710,8060,REHAB HOSPITAL SVCS CORP,700000,14.0,9.8,1983-10-28,1983-09-01,57.0
66369,75990310,3825,RELIABILITY INC,500000,9.875,4.938,1984-05-08,1984-02-23,75.0
11521,75991710,3572,RENAISSANCE GRX INC,1600000,2.25,3.6,1988-10-13,1988-09-01,42.0
66422,76028010,5013,REPUBLIC AUTOMOTIVE PTS,600000,10.5,6.3,1981-12-18,1981-11-24,24.0
10546,76032610,6035,REPUBLIC CAPITAL GRP INC,220681,16.5,3.641,1989-11-13,,
91476,76126110,5812,RESTAURANT MGT SVCS INC,400000,12.5,5.0,1985-09-19,1985-08-29,21.0
66705,39307010,3573,REUTER INC,500000,15.25,7.625,1981-06-22,1981-05-21,32.0
91484,76167220,7373,REXCOM SYSTEMS INC,25000000,0.1,2.5,1986-09-08,,
91484,76167220,7373,REXCOM SYSTEMS INC,20000000,0.065,1.3,1988-12-16,,
66801,76190110,3572,REXON INC,2000000,13.25,26.5,1987-04-07,1987-02-19,47.0
66799,76169510,3571,REYNOLDS & REYNOLDS CO,1350000,31.0,41.85,1986-07-21,1986-06-23,28.0
66828,76235710,5712,RHODES INC,900000,14.5,13.05,1983-10-26,1983-06-08,140.0
66828,76235710,5712,RHODES INC,1250000,26.5,33.125,1986-05-28,1986-05-15,13.0
51297,76256210,3792,RIBLET PRODUCTS CORP,400000,16.5,6.6,1983-09-08,1983-08-02,37.0
66967,76657010,6021,RIGGS NATIONAL CORP,1750000,33.5,58.625,1986-04-03,1986-03-12,22.0
64098,76709410,1381,RIO GRAND DRILLING CO,1000000,2.5,2.5,1983-11-01,1983-09-15,47.0
65294,74960710,6321,RLI CORP,825000,15.25,12.581,1985-08-15,1985-07-31,15.0
67300,77081010,3678,ROBINSON NUGENTS INC,300000,15.75,4.725,1984-04-26,,
62296,77341510,8351,ROCKING HORSE CHLD CARE,1250000,4.0,5.0,1987-10-01,1987-08-18,44.0
25312,77542210,3728,ROHR INDUSTRIES,1000000,14.375,14.375,1979-04-30,,
64477,77570910,7011,ROLLINS ENVIRONL SVCS,700000,18.0,12.6,1983-06-24,1983-06-01,23.0
64477,77570910,7011,ROLLINS ENVIRONL SVCS,900000,34.625,31.163,1987-03-06,1987-02-27,7.0
60572,77578410,3573,ROLM CORP,1200000,36.25,43.5,1980-08-26,1980-08-12,14.0
60572,77578410,3573,ROLM CORP,3500000,46.25,161.875,1983-02-15,1983-02-10,5.0
67620,77776410,5331,ROSE'S STORES INC,675000,22.0,14.85,1983-11-16,1983-09-26,51.0
67652,03070M10,2269,ROSPATCH CORP,500000,15.25,7.625,1984-09-20,1984-08-28,23.0
91572,77890110,8082,ROTECH MEDICAL CORP,400000,4.625,1.85,1986-11-06,1986-09-12,55.0
45495,77938210,1381,ROWAN COS INC,8000000,7.375,59.0,1987-05-12,1987-04-20,22.0
65307,74968510,2851,RPM INC,2000000,14.125,28.25,1985-10-25,1985-10-04,21.0
49517,74973810,3612,RTE CORP,1500000,12.75,19.125,1983-03-04,1983-02-17,15.0
68049,78351910,5812,RYAN'S FAMILY STEAK HOUS,800000,20.75,16.6,1986-08-01,1986-07-22,10.0
27633,78354910,7513,RYDER SYSTEM INC,2400000,34.75,83.4,1981-06-23,1981-06-04,19.0
27633,78354910,7513,RYDER SYSTEM INC,3500000,30.0,105.0,1986-10-23,1986-10-15,8.0
68102,41313610,3669,SAB HARMON INDUS INC,1000000,8.25,8.25,1985-10-10,1985-08-22,49.0
68452,78644410,8000,SAFEGUARD HEALTH ENTERPR,700000,19.0,13.3,1985-08-26,1985-08-15,11.0
46340,78644910,2761,SAFEGUARD SCIENTIFICS,1600000,5.0,8.0,1983-08-24,1983-08-23,1.0
17291,78651410,5411,SAFEWAY STORES INC,5000000,27.5,137.5,1983-05-04,1983-04-25,9.0
68698,79646910,3661,SAN/BAR CORP,500000,10.0,5.0,1981-09-03,1981-07-31,34.0
42999,79985010,3662,SANDERS ASSOCIATES INC,800000,41.75,33.4,1980-02-20,1980-01-28,23.0
56186,78387810,8999,SCA SERVICES INC,1500000,16.0,24.0,1980-09-09,1980-08-07,33.0
14277,80685710,1381,SCHLUMBERGER LTD,2000000,80.0,160.0,1975-07-29,,
69156,80707610,2731,SCHOLASTIC INC,300000,35.0,10.5,1983-06-09,1983-05-16,24.0
12253,80819610,5411,SCHULTZ SAV-O STORES INC,650000,15.0,9.75,1989-03-23,1989-02-22,29.0
68161,78389010,3812,SCI SYSTEMS INC,450000,18.75,8.438,1981-10-08,1981-08-19,50.0
49007,80863810,7392,SCIENCE MANAGEMENT CORP,600000,24.875,14.925,1983-06-02,1983-05-11,22.0
45671,80865510,3662,SCIENTIFIC ATLANTA INC,350000,31.125,10.894,1978-09-26,,
45671,80865510,3662,SCIENTIFIC ATLANTA INC,600000,38.625,23.175,1979-11-30,1979-11-19,11.0
45671,80865510,3662,SCIENTIFIC-ATLANTA INC,1800000,26.5,47.7,1981-12-17,1981-12-10,7.0
69439,80938810,4841,SCOTT CABLE COMMUNS,800000,8.25,6.6,1985-09-18,1985-08-20,29.0
18032,80987710,2621,SCOTT PAPER CO,4000000,19.375,77.5,1976-07-29,,
18032,80987710,2621,SCOTT PAPER CO,3750000,22.5,84.375,1983-05-24,1983-05-18,6.0
49832,81062310,5211,SCOTTY'S INC,900000,28.75,25.875,1982-12-02,1982-11-22,10.0
60134,81173710,6711,SEAFIRST CORP,1500000,26.0,39.0,1978-06-06,,
69607,81180410,3572,SEAGATE TECHNOLOGY,3000000,24.875,74.625,1983-02-09,1983-01-28,12.0
61049,81211510,3079,SEALED AIR CORP,500000,32.375,16.188,1981-03-26,,
14322,81238710,5311,SEARS ROEBUCK & CO,7500000,44.25,331.875,1986-09-04,1986-07-28,38.0
69877,81512610,3669,SECURITY TAG SYSTEMS INC,400000,7.0,2.8,1983-12-20,1983-10-21,60.0
69885,81577910,3674,SEEQ TECHNOLOGY INC,2500000,7.25,18.125,1988-04-20,1988-03-23,28.0
61655,81606810,7372,SEISCOM DELTA INC,800000,29.75,23.8,1980-12-18,1980-12-04,14.0
51625,81756510,7261,SERVICE CORP INTERNATL,1350000,35.75,48.263,1983-02-08,1983-01-21,18.0
70114,81790810,1389,SERVICE FRACTURING CO,1200000,5.75,6.9,1989-12-15,1989-11-01,44.0
70077,81758710,5961,SERVICE MERCHANDISE CO,1000000,22.5,22.5,1982-10-20,1982-10-15,5.0
54412,82028610,3271,SHAW INDUSTRIES INC,1000000,17.0,17.0,1983-04-06,1983-03-28,9.0
54412,82028610,3271,SHAW INDUSTRIES INC,650000,19.75,12.838,1983-11-17,,
70261,82048010,6022,SHAWMUT CORP,1000000,29.5,29.5,1984-10-12,1984-09-25,17.0
70384,82504110,5812,SHONEY'S SOUTH INC,1300000,15.25,19.825,1986-07-23,1986-06-17,36.0
36484,82510110,5411,SHOPWELL INC,300000,27.5,8.25,1983-03-22,1983-03-11,11.0
56434,82539010,7011,SHOWBOAT INC,1000000,20.125,20.125,1986-06-27,1986-05-29,29.0
70552,82661310,3080,SIGMAFORM CORP,400000,19.0,7.6,1980-12-23,1980-11-13,40.0
70624,82705810,3674,SILICON SYSTEMS INC,1000000,9.25,9.25,1982-12-13,1982-11-10,33.0
70659,82707920,3674,SILICONIX INC,300000,17.625,5.288,1979-06-07,,
70667,82727910,3674,SILTEC CORP,600000,12.5,7.5,1983-02-08,1982-12-08,62.0
60345,82836010,3448,SILVERCREST INDUSTRIES,500000,11.625,5.813,1983-06-22,1983-05-05,48.0
40985,82867510,3823,SIMMONDS PRECISION PRODS,600000,16.125,9.675,1979-05-02,,
70835,83014010,5812,SIZZLER RESTAURANTS INTL,1100000,25.5,28.05,1986-06-20,1986-06-12,8.0
70843,83071510,5812,SKIPPER'S INC,500000,11.75,5.875,1983-05-19,1983-04-18,31.0
45794,83211010,3533,SMITH INTERNATIONAL INC,1083850,31.875,34.548,1976-03-22,,
45794,83211010,3533,SMITH INTERNATIONAL INC,2000000,50.0,100.0,1980-11-06,1980-10-22,15.0
67345,77107410,3832,SOLID PHOTOGRAPHY INC,450000,5.5,2.475,1980-10-30,,
71096,83426910,5399,SOLOMON SAM CO INC,450000,10.25,4.613,1978-08-30,,
71205,83575610,3480,SOONER DEFENSE OF FL,830000,6.875,5.706,1986-10-30,1986-08-28,63.0
49437,84129710,2061,SOUTHDOWN INC,3000000,21.0,63.0,1988-09-22,1988-08-26,27.0
71563,84344410,6021,SOUTHERN NATIONAL CORP,550000,21.25,11.688,1985-08-08,1985-07-23,16.0
58683,84474110,4511,SOUTHWEST AIRLINES CO,600000,29.0,17.4,1980-09-25,1980-09-12,13.0
58683,84474110,4511,SOUTHWEST AIRLINES CO,750000,53.125,39.844,1981-04-15,1981-04-09,6.0
58683,84474110,4511,SOUTHWEST AIRLINES CO,750000,46.25,34.688,1982-08-27,1982-08-25,2.0
58683,84474110,4511,SOUTHWEST AIRLINES CO,1200000,32.0,38.4,1983-02-23,1983-02-15,8.0
71854,84603710,6311,SOVEREIGN CORP,1250000,7.5,9.375,1981-03-25,1981-02-26,27.0
71854,84603710,6311,SOVEREIGN CORP,1000000,7.0,7.0,1981-09-25,1981-09-08,17.0
71854,84603710,6311,SOVEREIGN CORP,2000000,9.0,18.0,1983-02-16,1983-01-26,21.0
72056,84757110,3662,SPECTRADYNE INC,800000,17.5,14.0,1983-07-07,1983-06-09,28.0
72072,84759810,3220,SPECTRAN CORP,725000,16.375,11.872,1985-10-11,1985-08-16,56.0
72128,84761510,3679,SPECTRUM CONTROL INC,850000,6.5,5.525,1981-02-25,1981-01-21,35.0
14525,84835510,3573,SPERRY CORP,6000000,37.5,225.0,1983-06-15,1983-05-18,28.0
20079,85220610,3622,SQUARE D CO,1600000,25.625,41.0,1980-09-16,1980-09-04,12.0
68292,81630010,6711,SRI CORP,450000,18.5,8.325,1980-03-04,1980-02-13,20.0
68292,81630010,6711,SRI CORP,1000000,22.0,22.0,1981-06-03,1981-05-19,15.0
68591,79084910,3842,ST JUDE MEDICAL INC,210000,6.5,1.365,1977-12-13,,
59459,79286010,6331,ST. PAUL COS,2600000,98.0,254.8,1986-03-13,1986-03-11,2.0
72478,85360810,3559,STANDARD LOGIC INC,1250000,5.0,6.25,1983-03-24,1983-02-08,44.0
72486,85362610,3577,STANDARD MICROSYSTEMS,1400000,22.375,31.325,1983-04-26,1983-03-31,26.0
39220,85366610,3694,STANDARD MOTOR PRODUCTS,600000,16.0,9.6,1982-03-24,1982-02-19,33.0
21450,85373410,2911,STANDARD OIL CO OH,920000,70.5,64.86,1975-10-02,,
72494,85388710,2761,STANDARD REGISTER CO,1500000,32.0,48.0,1986-10-22,1986-09-12,40.0
62412,85766010,1311,STATEX PETROLEUM INC,160000,23.125,3.7,1981-01-15,1980-12-23,23.0
72398,85318110,700,STD-BRED PACERS & TROTS,500000,6.625,3.313,1983-04-14,1983-02-23,50.0
72849,85835910,3523,STEIGER TRACTOR INC,900000,10.0,9.0,1984-02-15,1983-11-17,90.0
75189,86024C20,2759,STEVENS GRAPHICS CORP,1200000,9.5,11.4,1988-11-04,1988-10-04,31.0
72980,86037210,6361,STEWART INFO SVCS CORP,400000,25.5,10.2,1983-09-21,1983-07-13,70.0
72980,86037210,6361,STEWART INFO SVCS CORP,1000000,24.0,24.0,1986-03-25,1986-03-12,13.0
64653,86211010,6799,STORAGE EQUITIES INC,600000,16.25,9.75,1983-08-19,1983-07-20,30.0
64653,86211010,6799,STORAGE EQUITIES INC,2000000,20.5,41.0,1985-05-22,1985-05-07,15.0
58464,86211120,3577,STORAGE TECHNOLOGY CORP,1000000,20.0,20.0,1978-06-29,,
25611,86213110,4832,STORER BROADCASTING CO,2000000,24.875,49.75,1980-04-30,1980-02-14,76.0
25611,86213110,4832,STORER BROADCASTING CO,1900000,34.0,64.6,1981-07-22,1981-06-25,27.0
68305,78481510,7374,STSC INC,300000,21.25,6.375,1981-02-18,1981-01-26,23.0
73147,86376110,2670,STUART HALL CO INC,650000,6.75,4.388,1986-05-08,1986-04-14,24.0
62711,86511210,3563,SULLAIR CORP,750000,24.0,18.0,1981-05-14,1981-04-14,30.0
73323,86562940,2834,SUMMA MEDICAL CORP,700000,3.375,2.363,1982-08-04,1982-05-05,91.0
92145,86563C10,6025,SUMMCORP,600000,42.75,25.65,1986-04-10,1986-03-21,20.0
18796,86664510,2893,SUN CHEMICAL CORP,500000,26.75,13.375,1981-03-26,1981-03-19,7.0
48645,86671310,3811,SUN ELECTRIC CORP,800000,23.125,18.5,1979-12-18,1979-12-03,15.0
48645,86671310,3811,SUN ELECTRIC CORP,600000,21.75,13.05,1980-07-01,1980-06-17,14.0
26454,86732310,3541,SUNDSTRAND CORP,1000000,17.125,17.125,1975-10-16,1975-09-06,40.0
10108,86736310,7374,SUNGARD DATA SYSTEMS INC,1200000,18.25,21.9,1987-03-17,1987-03-10,7.0
20693,86783310,1044,SUNSHINE MINING CO,1000000,14.5,14.5,1983-01-07,,
20693,86783310,1044,SUNSHINE MINING CO,1200000,15.75,18.9,1983-07-15,1983-06-30,15.0
20693,86783310,1044,SUNSHINE MINING CO,12000000,7.0,84.0,1987-07-31,1987-06-24,37.0
54471,86788410,5141,SUPER FOOD SERVICES INC,600000,27.375,16.425,1983-07-07,1983-06-17,20.0
44951,86853610,5141,SUPER VALU STORES INC,600000,24.0,14.4,1975-11-25,,
11857,86804710,3571,SUPERCOMPUTING SOLUTIONS,2000000,3.5,7.0,1989-10-27,1989-09-01,56.0
63351,53191120,8082,SUPERIOR CARE INC,2200000,3.0,6.6,1981-01-06,1980-11-28,39.0
66739,87073810,1311,SWIFT ENERGY CO,600000,10.625,6.375,1989-09-29,1989-09-01,28.0
73905,87123510,7373,SYKES DATATRONICS INC,350000,18.0,6.3,1980-04-29,1980-03-20,40.0
73905,87123510,7373,SYKES DATATRONICS INC,350000,31.75,11.113,1981-01-09,1980-12-04,36.0
92217,87151220,3577,SYMBOLICS INC,3500000,10.25,35.875,1985-06-11,1985-05-20,22.0
73956,87156610,2835,SYNBIOTICS CORP,525000,8.75,4.594,1986-07-16,1986-04-30,77.0
73956,87156610,2835,SYNBIOTICS CORP,1500000,8.5,12.75,1987-06-03,1987-04-16,48.0
74617,87537010,7372,TANDEM COMPUTERS INC,650000,36.0,23.4,1979-11-28,1979-11-13,15.0
74617,87537010,7372,TANDEM COMPUTERS INC,1400000,66.5,93.1,1980-11-24,1980-11-11,13.0
74625,87291810,3571,TANDON CORP,1800000,29.5,53.1,1981-11-25,1981-11-03,22.0
74625,87291810,3571,TANDON CORP,3000000,31.0,93.0,1982-11-22,1982-11-12,10.0
58800,09792410,5712,TANDY BRANDS INC,800000,13.375,10.7,1989-02-09,1989-02-03,6.0
76022,87224510,5812,TCBY ENTERPRISES INC,450000,19.375,8.719,1985-08-14,1985-07-31,14.0
64661,87854010,3661,TECHNICOM INTERNATL INC,1100000,24.5,26.95,1983-04-19,1983-03-16,34.0
37196,87830810,3629,TECH-SYM CORP,800000,8.75,7.0,1982-06-15,1982-05-26,20.0
37196,87830810,3629,TECH-SYM CORP,450000,21.125,9.506,1983-08-04,1983-07-18,17.0
74924,87873610,3572,TECHTRAN INDUSTRIES INC,300000,6.375,1.913,1980-08-06,,
75062,87927210,1389,TELECO OILFIELD SVCS INC,600000,21.0,12.6,1981-04-23,,
75089,87262310,1731,TELECOM PLUS INTL INC,650000,18.25,11.863,1981-06-03,,
75089,87262310,1731,TELECOM PLUS INTL INC,2000000,24.25,48.5,1983-04-20,1983-04-05,15.0
75030,87924010,4841,TELE-COMMUNICATIONS INC,1800000,29.0,52.2,1981-04-14,1981-03-31,14.0
65082,92823610,3661,TELECONCEPTS CORP,315000,18.5,5.828,1982-09-30,1982-09-03,27.0
75118,87930110,7389,TELECREDIT INC,500000,26.375,13.188,1981-08-12,1981-06-22,51.0
44329,87936910,3728,TELEFLEX INC,500000,33.5,16.75,1983-03-18,1983-03-02,16.0
75300,87990310,6711,TELENET CORP,400000,12.25,4.9,1978-06-22,,
63773,87943310,6711,TELEPHONE & DATA SYSTEMS,1000000,7.875,7.875,1982-06-23,1982-05-25,29.0
63773,87943310,6711,TELEPHONE & DATA SYSTEMS,1000000,14.0,14.0,1982-11-23,1982-11-08,15.0
63773,87943310,6711,TELEPHONE & DATA SYSTEMS,1000000,8.75,8.75,1984-12-07,1984-11-16,21.0
63773,87943310,6711,TELEPHONE & DATA SYSTEMS,2000000,39.125,78.25,1989-04-11,1989-03-29,13.0
63773,87943310,6711,TELEPHONE & DATA SYSTEMS,1500000,37.625,56.438,1989-11-07,1989-10-24,14.0
69024,54415710,7824,TELEPICTURES CORP,1500000,6.875,10.313,1981-07-28,1981-04-28,91.0
64813,87990810,3661,TELESPHERE INTL INC,900000,11.75,10.575,1982-05-25,,
64813,87990810,3661,TELESPHERE INTL INC,2000000,15.75,31.5,1983-04-19,1983-03-31,19.0
44812,87957310,3842,TELEX CORP,1500000,8.0,12.0,1978-08-24,1978-08-01,23.0
75273,87970010,3578,TELXON CORP,1000000,16.0,16.0,1985-07-25,1985-07-09,16.0
51369,88077010,3823,TERADYNE INC,500000,35.75,17.875,1979-12-20,1979-12-12,8.0
75540,88079010,3861,TERMINAL DATA CORP,525000,11.5,6.038,1982-01-28,1981-12-15,44.0
60388,21080210,4512,TEXAS AIR CORP,3500000,12.5,43.75,1982-11-19,1982-11-08,11.0
60388,21080210,4512,TEXAS AIR CORP,2500000,19.125,47.813,1985-08-16,1985-07-30,17.0
60388,21080210,4512,TEXAS AIR CORP,4000000,32.25,129.0,1986-05-19,1986-05-05,14.0
60388,21080210,4512,TEXAS AIR CORP,5000000,38.0,190.0,1986-10-31,1986-10-21,10.0
60388,21080210,4512,TEXAS AIR CORP,4000000,48.25,193.0,1987-02-27,,
60388,21080210,4512,TEXAS INTERNATL AIRLINES,1043065,9.625,10.04,1978-11-29,,
62447,88308430,3825,TEXSCAN CORP,400000,21.75,8.7,1980-11-13,1980-09-19,55.0
62447,88308430,3825,TEXSCAN CORP,650000,18.625,12.106,1981-06-23,1981-05-27,27.0
23579,88320310,3728,TEXTRON INC,4000000,47.25,189.0,1985-09-23,1985-08-29,25.0
23579,88320310,3728,TEXTRON INC,4800000,29.0,139.2,1987-05-28,1987-05-06,22.0
82983,96946810,6311,THE A.L. WILLIAMS CORP,2750000,8.25,22.688,1985-01-17,1984-12-07,41.0
64514,00756610,6211,THE ADVEST GROUP INC,1750000,10.875,19.031,1985-02-27,1985-01-30,28.0
85279,01650510,2030,THE ALL AMER GOURMET CO,1000000,13.5,13.5,1986-08-22,1986-08-07,15.0
12140,38238810,3011,THE B.F. GOODRICH CO,1450000,55.0,79.75,1987-10-12,1987-09-22,20.0
59192,17123210,6711,THE CHUBB CORP,3500000,63.5,222.25,1986-02-04,1986-01-31,4.0
48047,17257610,6711,THE CIRCLE K CORP,1250000,11.625,14.531,1981-12-10,1981-12-01,9.0
46578,18905410,2842,THE CLOROX CO,2000000,27.875,55.75,1983-09-07,1983-08-17,21.0
28090,23254310,3690,THE CYCLOTRON CORP,250000,16.5,4.125,1981-04-14,,
31341,21036R10,3079,THE DORSEY CORP,1000000,25.0,25.0,1981-04-28,1981-04-03,25.0
43385,26188510,6211,THE DREYFUS CORP,1750000,103.375,180.906,1986-03-06,1986-02-27,7.0
36805,33941610,4522,THE FLIGHT INTERNATL GRP,1000000,12.0,12.0,1988-08-18,1988-07-15,34.0
66560,06690610,5632,THE FUR VAULT INC,1330000,11.25,14.963,1987-02-04,1987-02-02,2.0
66181,43707610,5211,THE HOME DEPOT INC,2600000,17.0,44.2,1986-10-16,1986-09-22,24.0
64602,50022710,6711,THE KOGER CO,1250000,19.0,23.75,1983-01-11,1982-12-03,39.0
64602,50022710,6711,THE KOGER CO,1350000,25.25,34.088,1985-01-11,1984-12-18,24.0
24731,53625710,3674,THE LIONEL CORP,1000000,7.75,7.75,1980-12-17,1980-12-05,12.0
10513,53631010,2836,THE LIPOSOME CO INC,1000000,6.875,6.875,1987-06-11,1987-05-04,38.0
25507,50221010,3316,THE LTV CORP,4000000,24.5,98.0,1981-05-28,1981-04-29,29.0
53516,60830210,3011,THE MOHAWK RUBBER CO,350000,17.625,6.169,1981-06-11,1981-05-19,23.0
55642,67740110,2515,THE OHIO MATTRESS CO,3000000,14.0,42.0,1984-01-27,1984-01-19,8.0
72389,69143510,5093,THE OXFORD ENERGY CO,1200000,9.5,11.4,1987-04-16,1987-03-31,16.0
27713,71404110,3825,THE PERKIN-ELMER CORP,1000000,39.125,39.125,1980-04-15,1980-03-05,41.0
16360,72151010,2045,THE PILLSBURY CO,1500000,41.75,62.625,1981-06-02,1981-05-08,25.0
64064,74144010,5331,THE PRICE CO,1000000,31.5,31.5,1982-10-14,1982-09-13,31.0
64390,74331510,6311,THE PROGRESSIVE CORP,1200000,47.625,57.15,1986-01-14,1986-01-07,7.0
16715,85325810,5159,THE STD COMML TOBACCO CO,1100000,23.0,25.3,1986-08-20,,
36986,86209710,5411,THE STOP & SHOP COS INC,1000000,52.0,52.0,1983-09-16,1983-09-07,9.0
14795,88738910,3562,THE TIMKEN CO,900000,70.375,63.338,1987-07-29,1987-07-10,19.0
38156,96945710,2879,THE WILLIAMS COS,2500000,42.125,105.313,1980-12-18,1980-12-11,7.0
38156,96945710,2879,THE WILLIAMS COS,2500000,32.0,80.0,1987-09-09,1987-08-21,19.0
38156,96945710,2879,THE WILLIAMS COS,2000000,38.5,77.0,1989-12-13,1989-12-04,9.0
75986,88390110,2834,THERMEDICS INC,373000,12.5,4.663,1985-05-07,1985-03-18,50.0
62092,88355610,3621,THERMO ELECTRON CORP,550000,27.25,14.988,1980-01-15,1979-12-26,20.0
61866,87246420,3661,TIE/COMMUNICATIONS,750000,7.875,5.906,1980-07-01,1980-05-05,57.0
61866,87246420,3661,TIE/COMMUNICATIONS,1500000,39.0,58.5,1983-01-28,1983-01-24,4.0
37364,88673510,4511,TIGER INTERNATL INC,1500000,25.375,38.063,1978-06-15,,
76305,88735510,3350,TIMES FIBER COMMUNS,1000000,23.25,23.25,1983-02-17,1983-01-21,27.0
76399,88889310,3663,TOCOM INC,550000,19.75,10.863,1980-10-14,1980-09-08,36.0
37399,88903910,3731,TODD SHIPYARDS CORP,600000,31.875,19.125,1979-12-19,1979-11-16,33.0
40221,89027810,3944,TONKA CORP,1000000,23.125,23.125,1986-04-09,1986-03-17,23.0
40221,89027810,3944,TONKA CORP,5200000,16.0,83.2,1989-11-16,1989-10-09,38.0
48494,51281010,3140,TONY LAMA CO INC,500000,23.5,11.75,1981-04-08,,
62308,89102710,6311,TORCHMARK CORP,1000000,42.75,42.75,1985-03-15,1985-03-04,11.0
63036,89130510,6711,TOROTEL INC,550000,9.0,4.95,1981-03-16,1980-11-06,130.0
61663,89149030,2911,TOSCO CORP,1300000,33.5,43.55,1980-12-18,1980-12-04,14.0
49787,89150810,2911,TOTAL PETROLEUM N. AMER,1250000,9.5,11.875,1978-04-25,,
49787,89150810,2911,TOTAL PETROLEUM N. AMER,1000000,24.75,24.75,1989-07-11,1989-06-08,33.0
57234,89234810,3662,TRACOR INC,350000,30.625,10.719,1980-02-20,1980-01-22,29.0
57234,89234810,3662,TRACOR INC,500000,29.0,14.5,1980-10-01,1980-09-19,12.0
19051,89348510,6711,TRANSAMERICA CORP,4400000,35.25,155.1,1986-02-07,1986-01-30,8.0
74406,87262510,8711,TRC COS INC,1100000,12.5,13.75,1989-01-25,1988-12-20,36.0
61217,89675010,1311,TRITON ENERGY CORP,2000000,22.5,45.0,1987-10-01,1987-09-11,20.0
61217,89675010,1311,TRITON OIL & GAS CORP,850000,24.5,20.825,1981-03-26,,
74473,87283510,8731,TSC INC,650000,6.25,4.063,1983-11-02,1983-07-20,105.0
77551,90008410,7948,TURF PARADISE INC,800000,5.25,4.2,1981-02-27,1981-02-26,1.0
77623,90141910,4454,TWIN CITY BARGE INC,375000,17.25,6.469,1981-03-24,1981-02-25,27.0
59811,90238410,7374,TYMSHARE INC,400000,42.75,17.1,1980-04-17,1980-03-17,31.0
59811,90238410,7374,TYMSHARE INC,750000,38.25,28.688,1980-12-15,1980-11-26,19.0
48565,91206110,1521,U.S.HOME CORP,1000000,25.5,25.5,1980-08-11,1980-08-05,6.0
19596,90254910,4512,UAL INC,3000000,34.375,103.125,1983-03-03,1983-02-08,23.0
19596,90254910,4512,UAL INC,4000000,56.75,227.0,1986-02-14,1986-02-05,9.0
19596,90254910,4512,UAL INC,4000000,58.0,232.0,1986-10-09,1986-10-02,7.0
19596,90254910,4512,UAL INC,4000000,56.5,226.0,1987-04-01,1987-03-13,19.0
14883,90553010,2621,UNION CAMP CORP,1000000,92.0,92.0,1976-03-17,,
15659,90558110,2819,UNION CARBIDE CORP,23000000,22.5,517.5,1986-12-12,1986-12-08,4.0
78263,90806810,6021,UNION PLANTERS CORP,1000000,35.0,35.0,1986-06-18,1986-05-08,41.0
63781,90921810,1311,UNIT DRILLING & EXPL,500000,27.0,13.5,1980-01-29,1979-12-17,43.0
63802,90969510,4899,UNITED CABLE TELEVISION,1000000,23.75,23.75,1981-02-04,1981-01-13,22.0
92655,91058110,8099,UNITED HEALTHCARE CORP,2800000,10.375,29.05,1986-01-15,1985-11-21,55.0
92655,91058110,8099,UNITED HEALTHCARE CORP,2500000,11.0,27.5,1989-09-19,1989-08-30,20.0
20968,91085810,2221,UNITED MERCHANTS & MFGS,1740000,18.0,31.32,1985-12-12,,
42569,90307010,3443,UNITED NUCLEAR CORP,1000000,15.25,15.25,1975-10-09,,
79250,91270710,3842,UNITED STATES SURGICAL,600000,31.75,19.05,1980-02-20,1980-01-23,28.0
17830,91301710,3724,UNITED TECHNOLOGIES CORP,5000000,53.625,268.125,1981-03-04,1981-02-17,15.0
39087,85206110,6711,UNITED TELECOMMUN INC,2500000,13.0,32.5,1975-09-12,,
39087,85206110,6711,UNITED TELECOMMUN INC,5000000,23.625,118.125,1985-06-21,1985-06-12,9.0
79637,91390310,8062,UNIVERSAL HEALTH SVCS,500000,31.5,15.75,1982-12-14,1982-12-08,6.0
79637,91390310,8062,UNIVERSAL HEALTH SVCS,2000000,17.875,35.75,1985-07-31,1985-07-18,13.0
54957,91380210,1311,UNIVERSAL RESOURCES CORP,1000000,24.0,24.0,1980-02-26,1980-02-01,25.0
54957,91380210,1311,UNIVERSAL RESOURCES CORP,1000000,28.5,28.5,1981-03-18,,
79733,75527610,8093,URGENT CARE CNTRS - AMER,2600000,5.0,13.0,1984-02-17,1983-10-27,113.0
28847,91190510,4511,USAIR GROUP INC,1800000,20.0,36.0,1981-02-10,1981-01-29,12.0
28847,91190510,4511,USAIR GROUP INC,2000000,32.125,64.25,1983-02-11,1983-02-08,3.0
28847,91190510,4511,USAIR GROUP INC,8000000,45.0,360.0,1987-06-25,1987-05-18,38.0
77789,90290010,6021,UST CORP,350000,18.25,6.388,1984-07-17,1984-06-27,20.0
80005,91915610,7373,VALID LOGIC SYSTEMS INC,2000000,6.125,12.25,1988-06-28,1988-05-27,32.0
61698,92006210,6711,VALLEY RESOURCES INC,150000,15.5,2.325,1982-06-09,,
80120,92022610,3845,VALLEYLAB INC,400000,16.5,6.6,1980-12-18,1980-12-02,16.0
80152,92036310,3490,VALTEK INC,350000,4.5,1.575,1976-10-12,,
80187,92104210,5080,VAN DUSEN AIR INC,500000,16.0,8.0,1981-01-21,1980-11-26,56.0
63044,92212610,3533,VARCO INTERNATL INC,300000,18.5,5.55,1978-06-20,,
63044,92212610,3533,VARCO INTERNATL INC,300000,21.25,6.375,1979-10-30,1979-10-12,18.0
27043,92220410,3673,VARIAN ASSOCIATES INC,1250000,39.75,49.688,1982-08-26,1982-08-19,7.0
27043,92220410,3673,VARIAN ASSOCIATES INC,2000000,36.0,72.0,1983-02-25,1983-02-22,3.0
63394,92335310,3573,VERBATIM CORP,350000,23.625,8.269,1981-09-03,1981-07-16,49.0
63394,92335310,3573,VERBATIM CORP,600000,25.875,15.525,1983-01-26,1983-01-14,12.0
10820,92545410,2834,VESTAR INC,1000000,10.75,10.75,1987-06-26,1987-04-15,72.0
51617,92552610,4899,VIACOM INTL INC,750000,50.5,37.875,1980-11-06,1980-10-17,20.0
51617,92552610,4899,VIACOM INTL INC,2000000,39.625,79.25,1985-02-27,1985-02-12,15.0
51617,92552610,4899,VIACOM INTL INC,2500000,58.5,146.25,1985-12-04,1985-11-04,30.0
80654,92581710,5812,VICORP RESTAURANTS INC,800000,25.625,20.5,1983-05-12,1983-04-27,15.0
80654,92581710,5812,VICORP RESTAURANTS INC,1750000,28.0,49.0,1985-05-17,1985-05-03,14.0
11086,92922H20,3861,VIDEOSPECTION INC,3000000,0.375,1.125,1989-01-19,,
80881,92763010,2844,VIPONT PHARMACEUTICAL,1000000,17.5,17.5,1988-06-14,1988-05-18,27.0
57808,92829810,3622,VISHAY INTERTECHNOLOGY,200000,22.5,4.5,1987-05-19,1987-04-29,20.0
79848,91827010,3674,VLSI TECHNOLGY INC,2500000,12.25,30.625,1986-04-10,1986-03-04,37.0
37874,92903210,2396,VOPLEX CORP,300000,12.125,3.638,1984-01-24,1983-11-22,63.0
17743,08442310,6331,W.R. BERKLEY CORP,2000000,17.25,34.5,1985-07-16,1985-06-14,32.0
17743,08442310,6331,W.R. BERKLEY CORP,1500000,49.25,73.875,1986-03-14,1986-03-10,4.0
25005,38388310,2819,W.R. GRACE & CO,2500000,48.0,120.0,1985-12-18,1985-12-16,2.0
81382,93115410,3714,WALBRO CORP,265000,18.5,4.903,1984-05-03,1984-03-20,44.0
81382,93115410,3714,WALBRO CORP,450000,22.0,9.9,1986-04-17,1986-03-18,30.0
81454,93180410,5065,WALKER TELECOMMUNICATION,750000,6.0,4.5,1986-07-10,,
55976,93114210,5311,WAL-MART STORES INC,1000000,34.5,34.5,1980-05-28,1980-05-07,21.0
55976,93114210,5311,WAL-MART STORES INC,2000000,25.25,50.5,1982-07-28,1982-06-04,54.0
26403,25468710,7813,WALT DISNEY PRODUCTIONS,1000000,66.875,66.875,1983-01-27,1983-01-25,2.0
46770,93369610,3574,WANG LABORATORIES,910000,9.875,8.986,1977-10-04,,
46770,93369610,3574,WANG LABORATORIES,500000,30.125,15.063,1978-08-22,,
46770,93369610,3574,WANG LABORATORIES INC,1500000,35.5,53.25,1982-10-01,1982-09-28,3.0
46770,93369610,3574,WANG LABORATORIES INC,10000000,19.125,191.25,1986-01-07,1985-12-17,21.0
81745,94402010,3825,WAVETEK CORP,1700000,17.75,30.175,1983-06-17,1983-05-27,21.0
61233,94707610,1389,WEATHERFORD INTL INC,900000,24.5,22.05,1980-03-11,1980-02-05,35.0
61233,94707610,1389,WEATHERFORD INTL INC,10000000,3.0,30.0,1989-11-08,1989-10-11,28.0
64493,94762310,3873,WEBCOR ELECTRONICS INC,400000,9.25,3.7,1982-05-13,1982-04-15,28.0
67109,94846210,3795,WEDTECH CORP,1750000,10.125,17.719,1986-01-23,1985-12-06,48.0
64506,94939110,3569,WELDOTRON CORP,700000,10.25,7.175,1983-07-08,,
63060,95059010,5812,WENDY'S INTL INC,1500000,19.0,28.5,1982-09-15,1982-09-08,7.0
41427,95546510,2211,WEST POINT-PEPPERELL INC,1050000,66.625,69.956,1987-04-30,1987-04-22,8.0
58085,95804340,1389,WESTERN CO OF N.AMERICA,1100000,59.5,65.45,1980-11-20,1980-11-12,8.0
66384,95810210,3572,WESTERN DIGITAL CORP,2000000,12.5,25.0,1980-10-29,1980-10-01,28.0
66384,95810210,3572,WESTERN DIGITAL CORP,2500000,9.125,22.813,1983-11-29,1983-10-27,33.0
66384,95810210,3572,WESTERN DIGITAL CORP,3000000,10.0,30.0,1984-09-18,1984-09-12,6.0
82449,92933010,5812,WESTERN STEER-MOM N POPS,450000,13.625,6.131,1986-07-25,1986-06-04,51.0
15325,64908010,4822,WESTERN UNION CORP,3000000,28.0,84.0,1982-07-07,1982-06-18,19.0
59467,96087810,1220,WESTMORELAND COAL CO,400000,18.5,7.4,1986-02-11,1985-12-04,69.0
10484,96113710,8711,WESTON (ROY F.) INC,1500000,15.25,22.875,1988-04-12,1988-03-25,18.0
39917,96216610,2631,WEYERHAEUSER CO,3500000,38.375,134.313,1983-04-14,1983-01-17,87.0
61882,92925310,6711,WICOR INC,500000,41.0,20.5,1986-11-26,1986-10-29,28.0
82991,96949320,1700,WILLIAMS INDUSTRIES INC,400000,12.75,5.1,1987-04-07,,
83046,97221810,2011,WILSON FOODS CORP,2500000,10.375,25.938,1987-03-06,1987-01-23,42.0
66747,92875310,5812,WINNERS CORP,500000,10.75,5.375,1982-09-08,1982-07-28,42.0
83620,98226310,2200,WM.E.WRIGHT CO,350000,11.25,3.938,1982-06-29,1982-06-17,12.0
92962,92929810,5190,WNS INC,900000,16.75,15.075,1986-05-21,1986-05-02,19.0
13638,97789210,1311,WOLVERINE EXPLORATION CO,2000000,10.875,21.75,1989-12-01,1989-10-11,51.0
42286,97809710,3149,WOLVERINE WORLD WIDE INC,400000,30.75,12.3,1981-05-19,1981-04-30,19.0
42286,97809710,3149,WOLVERINE WORLD WIDE INC,400000,26.0,10.4,1983-04-12,1983-03-31,12.0
44476,98305110,5065,WYLE LABORATORIES,1300000,18.625,24.213,1983-07-22,1983-07-21,1.0
83687,98308510,3460,WYMAN-GORDON CO,450000,43.5,19.575,1981-05-13,1981-04-27,16.0
83863,98490310,3674,XICOR INC,1100000,12.0,13.2,1984-03-13,1984-02-03,39.0
83863,98490310,3674,XICOR INC,2100000,11.5,24.15,1987-04-14,1987-03-10,35.0
83863,98490310,3674,XICOR INC,2250000,8.0,18.0,1988-03-09,1988-02-29,9.0
10333,98390710,2834,XOMA CORP,1300000,25.0,32.5,1987-05-07,1987-03-24,44.0
63079,49291410,1389,YANKEE OIL & GAS INC,475000,11.625,5.522,1982-01-19,,
40539,87254010,5311,ZAYRE CORP,1100000,39.5,43.45,1982-08-24,1982-08-20,4.0
40539,87254010,5311,ZAYRE CORP,1000000,43.25,43.25,1983-10-26,1983-10-18,8.0
20917,98991710,1099,ZEMEX CORP,600000,10.5,6.3,1986-10-24,1986-08-05,80.0
18067,98934910,3651,ZENITH ELECTRONICS CORP,1600000,26.5,42.4,1987-07-08,1987-06-23,15.0
